"id","ampep","rfampep30","product_of_probability","sequence"
"dbAMP_00029",0.48,-1,-0.48,"AAGNPSETGGAVATYSTAVGSFLDGTVKVVATGGASRVPGNCGTAAVLECDNPESFDGTRAWGDLSADQGTGEDAPPETASLIFAVN"
"dbAMP_00051",0.44,-1,-0.44,"AALRGALRAVARVGKAILPHVAIANPYVRTPYVHNNP"
"dbAMP_00054",0.41,0.753333,0.30886653,"AALYKKKIIKKLLES"
"dbAMP_00057",0.54,-1,-0.54,"AAPKITQKQKNCVNGQLGGMLAGALGGPGGVVLGGIGGAIAGGCFN"
"dbAMP_00059",0.54,-1,-0.54,"AAPTATVTPSSGLSDGTVVKVAGAGLQAGTAYDVGQCAWVDTGVLACNPADFSSVTADANGSASTSLTVRRSFEGFLFDGTRWGTVDCTTAACQVGLSDAAGNGPEGVAISFN"
"dbAMP_00088",0.52,-1,-0.52,"ACQCPDAISGWTHTDYQCHGLENKMYRHVYAICMNGTQVYCRTEWGSSC"
"dbAMP_00121",0.6,0.855,0.513,"ACYCRIPACLAGERRYGTCFYLGRVWAFCC"
"dbAMP_00122",0.64,0.8375,0.536,"ACYCRIPACLAGERRYGTCFYLRRVWAFCC"
"dbAMP_00123",0.58,0.82,0.4756,"ACYCRIPACLAGERRYGTCFYMGRVWAFCC"
"dbAMP_00148",0.57,-1,-0.57,"ADRGWIKTLTKDCPNVISSICAGTIITACKNCA"
"dbAMP_00189",0.47,0.5725,0.269075,"AFRKQLKW"
"dbAMP_00199",0.49,-1,-0.49,"AGDPLADPNSQIVRQIMSNAAWGPPLVPERFRGMAVGAAGGVTQTVLQGAAAHMPVNVPIPKVPMGPSWNGSKG"
"dbAMP_00207",0.51,-1,-0.51,"AGFLKVVQLLAKYGSKAVQWAWANKGKILDWLNAGQAIDWVVSKIKQILGIK"
"dbAMP_00247",0.51,-1,-0.51,"AIKLVQSPNGNFAASFVLDGTKWIFKSKYYDSSKGYWVGIYEVWDRK"
"dbAMP_00283",0.52,-1,-0.52,"AISYGNGVYCNKEKCWVNKAENKQAITGIVIGGWASSLAGMGH"
"dbAMP_00293",0.51,0.684167,0.34892517,"AKEFGIPAAVAGTVLNVVEAGGWVTTIVSI"
"dbAMP_00302",0.47,0.5675,0.266725,"AKKVFKRLEKLFSKIQNDK"
"dbAMP_00303",0.47,0.5675,0.266725,"AKKVFKRLEKLFSKIQNDK"
"dbAMP_00304",0.51,0.618333,0.31534983,"AKKVFKRLEKLFSKIQNWK"
"dbAMP_00305",0.54,0.6075,0.32805,"AKKVFKRLEKLFSKIWNDK"
"dbAMP_00306",0.49,0.7275,0.356475,"AKKVFKRLEKLFSKIWNWK"
"dbAMP_00307",0.48,0.490833,0.23559984,"AKKVFKRLEKSFSKIQNDK"
"dbAMP_00308",0.48,0.4625,0.222,"AKKVSKRLEKLFSKIQNDK"
"dbAMP_00352",0.54,0.75,0.405,"ALLLAIRRR"
"dbAMP_00354",0.45,0.516667,0.23250015,"ALPKKLKYLNLFNDGFNYMGVV"
"dbAMP_00358",0.62,0.806667,0.50013354,"ALRLAIRKR"
"dbAMP_00359",0.62,0.728333,0.45156646,"ALRLAIRRR"
"dbAMP_00365",0.6,0.883333,0.5299998,"ALSKALSKALSKALSKALSKALSK"
"dbAMP_00390",0.39,0.9025,0.351975,"ALWKTLLKKVLKA"
"dbAMP_00404",0.47,0.6475,0.304325,"ALYLAIRRR"
"dbAMP_00420",0.51,-1,-0.51,"ANCSCSTASDYCPILTFCTTGTACSYTPTGCGTGWVYCACNGNFY"
"dbAMP_00427",0.54,-1,-0.54,"ANIIGGKYYGNGVTCGKHSCSVDWGKATTCIINNGAMAWATGGHQGNHKC"
"dbAMP_00436",0.5,-1,-0.5,"APAFSVSPASGASDGQSVSVSVAAAGETYYIAQCAPVGGQDACNPATATSFTTDASGAASFSFTVRKSYAGQTPSGTPVGSVDCATDACNLGAGNSGLNLGHVALTFG"
"dbAMP_00437",0.46,-1,-0.46,"APAGLVAKFGRPIVKKYYKQIMQFIGEGSAINKIIPWIARMWRT"
"dbAMP_00447",0.61,-1,-0.61,"APIIRRIPYYPEVESDLRIVDCKRSEGFCQEYCNYLETQVGYCSKKKDACCLH"
"dbAMP_00449",0.35,0.546667,0.19133345,"APKKQLKW"
"dbAMP_00464",0.48,0.574167,0.27560016,"APPPGLSAGV"
"dbAMP_00468",0.54,-1,-0.54,"APQSITELCSEYHNTQIYTINDKILSYTESMAGKREMVIITFKSGATFQVEVPGSQHIDSQKKAIERMKDTLRITYLTETKIDKLCVWNNKTPNSIAAISMEKLYAGAVVNDL"
"dbAMP_00469",0.34,0.606667,0.20626678,"APRKNLKW"
"dbAMP_00484",0.41,-1,-0.41,"AQCGAQGGGATCPGGLCCSQWGWCGSTPKYCGAGCQSNCK"
"dbAMP_00512",0.56,-1,-0.56,"ARGTNVGRECCLEYFKGAIPLRKLKTWYQTSEDCSRDAIVFVTVQGRAICSDPNNKRVKNAVKYLQSLERS"
"dbAMP_00542",0.58,-1,-0.58,"ARSYGNGVYCNNKKCWVNRGEATQSIIGGMISGWASGKAGM"
"dbAMP_00543",0.56,-1,-0.56,"ARSYGNGVYCNNKKCWVNRGEATQSIIGGMISGWASGLAGM"
"dbAMP_00563",0.41,0.356667,0.14623347,"ASGGTVGYGAWMRSSLVSSTITTFS"
"dbAMP_00564",0.56,-1,-0.56,"ASGRDIAMAIGTLSGQFVAGGIGAAAGGVAGGAIYDYASTHKPNPAMSPSGLGGTIKQKPEGIPSEAWNYAAGRLCNWSP"
"dbAMP_00565",0.56,-1,-0.56,"ASGRDIAMAIGTLSGQFVAGGIGAAAGGVAGGAIYDYASTHKPNPAMSPSGLGGTIKQKPEGIPSEAWNYAAGRLCNWSPNNLSDVCL"
"dbAMP_00566",0.42,0.770833,0.32374986,"ASGWVCTLTIECGTVICAC"
"dbAMP_00569",0.53,0.879167,0.46595851,"ASIIKTTIKVSKAVCKTLTCICTGSCSNCK"
"dbAMP_00570",0.62,0.626667,0.38853354,"ASILTNAS"
"dbAMP_00572",0.48,0.8875,0.426,"ASIVKTTIKASKKLCRGFTLTCGCHFTGKK"
"dbAMP_00579",0.46,0.76,0.3496,"ASSGWVCTLTIECGTVICACR"
"dbAMP_00585",0.53,-1,-0.53,"ASVVTELRCQCLQTLQGIHLKNIQSVNVRSPGPHCAQTEVIATLKNGKKACLNPASPMVQKIIEKILNKGSTN"
"dbAMP_00587",0.55,-1,-0.55,"ASYKVNIPAGPLWSNAEAQQVGPKIAAAHQGNFTGQWTTVVESAMSVVEVELQVENTGIHEFKTDVLAGPLWSNDEAQKLGPQIAASYGAEFTGQWRTIVEGVMSVIQIKYTF"
"dbAMP_00668",0.5,-1,-0.5,"ATNSSEAFIESIAASAKPVADANGLYPSVMIAQAILESNWGSSQLSRAPYYNLFGIQGTYQGKSVVFKTQEYLNGKWVTKDMPFRVYPSFNQSFQDNTYVLKTTNFGNGPYYAKAWRANAATYQDATAALTGKYATDPSYGASLNRIISQYNLTRFDGASSAGNTNSGGSTTTNTNNNSGTNSSSTTYTVKSGDTLWGISQRYGISVAQIQSANNLKSTIIYIGQKLLLTGSASSTNSGGSNNSASTTPTTSVTP"
"dbAMP_00669",0.49,-1,-0.49,"ATNSSEVFIESIAASAKPVADANGLYPSVMIAQAILESNWGSSQLSRAPYYNLFGIQGTYQGKSVVFKTQEYLNGKWVTKDMPFRVYPSFNQSFQDNAYVLKTTNFGNGPYYAKAWRANAATYQDATAALTGRYATDPSYGASLNRIISQYNLTRFDGASSAGNTNSGGSTTTITNNNSGTNSSSTTYTVKSGDTLWGISQRYGISVAQIQSANNLKSTIIYIGQKLVLTGSASSTNSGGSNNSASTTPTTSVTP"
"dbAMP_00670",0.47,0.685,0.32195,"ATPATPTVAQFVIQGSTICLVC"
"dbAMP_00672",0.39,0.4075,0.158925,"ATQSHQ"
"dbAMP_00673",0.55,-1,-0.55,"ATRSYDNGIYCNNSKCWVNWGEAKENIAGIVISGWASGLAGMGH"
"dbAMP_00674",0.52,-1,-0.52,"ATRSYGNGVYCNDDKCWVNWNEANQQIAGIVISGWASGLAGMGH"
"dbAMP_00675",0.58,-1,-0.58,"ATRSYGNGVYCNNSKCWNVGEAKENIAGIVISGKASGL"
"dbAMP_00676",0.57,-1,-0.57,"ATRSYGNGVYCNNSKCWVNWGEAKENIAGIVISGWASGLAGMGH"
"dbAMP_00680",0.51,-1,-0.51,"ATTHTVKPGESVWAISNKYGISIAKLKSLNNLTSNLIFPNQVLKVSGSSNSTSNSSRPSTNSGGGSYYTVQAGDSLSLIASKYGTTYQNIMRLNGLNNFFIYPGQKLKVSGTASSSNAASNSSRPSTNSGGGSYYTVQAGDSLSLIASKYGTTYQKIMSLNGLNNFFIYPGQKLKVTGNASTNSGSATTTNRGYNTPVFSHQNLYTWGQCTYHVFNRRAEIGKGISTYWWNANNWDNAAAADGYTIDNRPTVGSI"
"dbAMP_00682",0.4,0.2425,0.097,"ATVQGGIYRMP"
"dbAMP_00687",0.52,-1,-0.52,"ATYYGNGLYCNKEKCWVDWNQAKGEIGKIIVNGWVNHGPWAPRR"
"dbAMP_00688",0.56,-1,-0.56,"ATYYGNGLYCNKQKCWVDWNKASREIGKIIVNGNVQHGPWAPR"
"dbAMP_00689",0.54,-1,-0.54,"ATYYGNGLYCNKQKCWVDWNKASREIGKIIVNGWVQHGPWAPR"
"dbAMP_00690",0.47,-1,-0.47,"ATYYGNGLYCNKQKHYTWVDWNKASREIGKIIVNGWVQH"
"dbAMP_00691",0.47,-1,-0.47,"ATYYGNGLYCNKQKHYTWVDWNKASREIGKITVNGWVQH"
"dbAMP_00693",0.54,-1,-0.54,"ATYYGNGVYCNKQKCWVDWSRARSEIIDRGVKAYVNGFTKVLG"
"dbAMP_00694",0.57,-1,-0.57,"ATYYGNGVYCNKQKCWVDWSRARSEIIDRGVKAYVNGFTKVLGGIGGR"
"dbAMP_00695",0.48,0.88,0.4224,"AIVKTTIKASKKLCRGFTLTCGCHFTGKK"
"dbAMP_00698",0.43,-1,-0.43,"AVDFGEAIWNPASSSNYSTASNQTSAVIMHTMEGSYAGSISWFQNPSAQVSAHYLIRKSDGQITQMVREYHQAWHAKNHNYYTIGIEHDGRAADAGNWSAAMVNASARLTKSICARRGVNCASAWKGPGYDTFHLVPDSVRVKGHGMLSGNENRYDPGKYFPWSNYYNLINGGGGNP"
"dbAMP_00727",0.39,0.263333,0.10269987,"AVPAVRKTNETLD"
"dbAMP_00747",0.42,0.509167,0.21385014,"AVVNGVNYVGETTAA"
"dbAMP_00752",0.46,0.571667,0.26296682,"AWKLFDDGV"
"dbAMP_00759",0.56,0.733333,0.41066648,"AWLLAIRRR"
"dbAMP_00769",0.51,0.705,0.35955,"AYPGNGVHCGKYSCTVDKQTAIGNIGNNAA"
"dbAMP_00783",0.45,0.638333,0.28724985,"CANSCSYGPLTWSCDGNTK"
"dbAMP_00789",0.56,0.669167,0.37473352,"CAWYNISCRLGNKGAYCTLTVECMPSCN"
"dbAMP_00864",0.4,0.603333,0.2413332,"CIRLEKARH"
"dbAMP_00874",0.6,0.565833,0.3394998,"CKQSCSFGPFTFVCDGNTK"
"dbAMP_00877",0.49,-1,-0.49,"CLAGRLDKQCTCRRSQPSRRSGHEVGRPSPHCGPSRQCGCHMD"
"dbAMP_00879",0.52,-1,-0.52,"CLASPSVFRRLTDPPGDARGRRRLAASLHRYLMRAVGRATPNGLWAGI"
"dbAMP_00880",0.39,0.800833,0.31232487,"CLGIGSCNDFAGCGYAIVCFW"
"dbAMP_00881",0.39,0.805,0.31395,"CLGIGSCNDFAGCGYAVVCFW"
"dbAMP_00882",0.39,0.805,0.31395,"CLGVGSCNDFAGCGYAIVCFW"
"dbAMP_00883",0.39,0.795833,0.31037487,"CLGVGSCNDFAGCGYAVVCFW"
"dbAMP_00884",0.39,0.636667,0.24830013,"CLGVGSCNNFAGCGYAIVCFW"
"dbAMP_00922",0.6,0.553333,0.3319998,"CRQSCSFGPFTFVCDGNTK"
"dbAMP_00923",0.6,0.478333,0.2869998,"CRQSCSFGPLTFVCDGNTK"
"dbAMP_00929",0.51,0.783333,0.39949983,"CSTNTFSLSDYWGNKGNWCTATHECMSWCK"
"dbAMP_00930",0.47,0.771667,0.36268349,"CSTNTFSLSDYWGNNGAWCTLTHECMAWCK"
"dbAMP_00933",0.46,0.824167,0.37911682,"CTCTTIISSSSTF"
"dbAMP_00935",0.43,0.720833,0.30995819,"CTFTLPGGGGVCTLTSECIC"
"dbAMP_00936",0.43,0.7125,0.306375,"CTFTLPGGGGVCTLTSECI"
"dbAMP_00938",0.5,-1,-0.5,"CTKNKCTVDWAKATTCIAGMSIGGFLGGAIPG"
"dbAMP_00942",0.45,0.695,0.31275,"CTTCECCCSCS"
"dbAMP_00954",0.46,0.3575,0.16445,"CVQSCSFGPLTWSCDGNTK"
"dbAMP_00962",0.48,-1,-0.48,"CWSCMGHSCWSCMGHSCWSCAGHSCWSCMGHSCWSCMGHSCWSCAGHCCGSCWHGGM"
"dbAMP_00963",0.44,0.684167,0.30103348,"CFLPGGGGVCLECI"
"dbAMP_00968",0.37,0.31,0.1147,"DAAVEPELYHWGKVWLPN"
"dbAMP_00970",0.55,-1,-0.55,"DAECEICKFVIQQVEAFIESNHSQAEIQKELNKLCSSVPSIFTQTCLSIARMVPYIIKKLEEHNSPGQVCQGLHLCKSS"
"dbAMP_00978",0.61,-1,-0.61,"DAPGHPGKHYLQVNVPSDVRTIGVAGGGVQQCFRVTPGAWNDTRALVSNGAQVEVWGYTVADCANRTTANQKYYDKAAAPSDSSTYFWFTLKNLRV"
"dbAMP_00998",0.9,0.549167,0.4942503,"DDDDDD"
"dbAMP_01001",0.43,0.5525,0.237575,"DDFLCAGGCL"
"dbAMP_01022",0.52,0.5675,0.2951,"DEKGPKWKR"
"dbAMP_01028",0.41,-1,-0.41,"DFASCHTNGGICLPNRCPGHMIQIGICFRPRVKCCRSW"
"dbAMP_01034",0.52,-1,-0.52,"DFNLDLLSVSKKDSGASPRITSISLCTPGCKTGALMGCNMKTATCHCSIHVSK"
"dbAMP_01035",0.52,-1,-0.52,"DFNLDLLSVSKKDSGASPRITSISLCTPGCKTGALMGCNMKTATCNCSIHVSK"
"dbAMP_01039",0.5,-1,-0.5,"DGNDGQAELIAIGSLAGTFISPGFGSIAGAYIGDKVHSWATTATVSPSMSPSGIGLSSQFGSGRGTSSASSSAGSGS"
"dbAMP_01052",0.52,-1,-0.52,"DHYLCVKNEGICLYSSCPSYTKIEGTCYGGKAKCCK"
"dbAMP_01069",0.48,-1,-0.48,"DIAPPGPNGDPKSVQIDDKYTGAEMYGEGDFRVGLGTDLTMYPPVYRESLGNGSGGWEFDFTVCGSTACRFVDSNGDVKEDDKAKEMWWQEINFNDINQDLYSRNDSDWVGSTPADTQPEFDYTDFALARDGVTLALTALNPAMGSLALGATYFLSDMVNWIASQHEDDSSLKRKWDYDGLSGPLYADSSTYLLARDEMTSNSYESFTIDNIAVAFPEFPVRTKYYVTFTAPDDPSTQSISTLEEEGIYRVPATE"
"dbAMP_01074",0.4,0.630833,0.2523332,"DIDITGCSACKYAAG"
"dbAMP_01075",0.54,-1,-0.54,"DIDITGCSACKYAAGQVCTIGCSAAGGFICGLLGITIPVAGLSCLGFVEIVCTVADEYSGCGDAVAKEACNRAGLC"
"dbAMP_01079",0.36,0.303333,0.10919988,"DIGGSRQGCVA"
"dbAMP_01112",0.51,0.340833,0.17382483,"DKTRYFKWPPRCGEEKNMRLSGGLKE"
"dbAMP_01128",0.34,0.3125,0.10625,"DLHTHAQ"
"dbAMP_01146",0.55,0.33,0.1815,"DNGEAGRAAR"
"dbAMP_01165",0.55,0.429167,0.23604185,"DPWDWV"
"dbAMP_01169",0.51,-1,-0.51,"DQMSDGVNYGKGSSLSKGGAKCGLGIVGGLATIPSGPLGWLAGAAGVINSCMK"
"dbAMP_01207",0.5,-1,-0.5,"DSHEKRHHGYRRKFHEKHHSHREFPFYGDYGSNYLYDN"
"dbAMP_01209",0.47,0.595,0.27965,"DSIRDVSPTFNKIRRWFDGLFK"
"dbAMP_01263",0.44,0.584167,0.25703348,"DWTAWSALVAAACSVELL"
"dbAMP_01265",0.47,-1,-0.47,"DWTCWSCLVCAACSVELLNLVTAATGASTAS"
"dbAMP_01272",0.56,0.510833,0.28606648,"DYHHGVRVL"
"dbAMP_01287",0.49,-1,-0.49,"ECELAKVDGGYTPKNCAMAVGGGMLSGAIRGGMSGTVFGVGTGNLAGAFAGAHIGLVAGGLACIGGYLGSH"
"dbAMP_01390",0.48,0.479167,0.23000016,"EGPVGLADPDGPASAPLGAP"
"dbAMP_01392",0.46,-1,-0.46,"EGTWQHGYGVSSAYSNYHHGSKTHSATVVNNNTGRQGKDTQRAGVWAKATVGRNLTEKASFYYNFW"
"dbAMP_01402",0.51,-1,-0.51,"EIKEALAKIRELDSPLFKEFEKDSRSGVQKEIEKRKKSIQAEIDENLRLEGMLAYEKELYA"
"dbAMP_01429",0.45,0.6375,0.286875,"EKTLARTAAKTALKK"
"dbAMP_01435",0.56,0.42,0.2352,"EKYTEVPEYV"
"dbAMP_01439",0.45,-1,-0.45,"ELASTLGISTAAAKKAIDIIDAASTIASIISLIGIVTGAGAISYAIVATAKTMIKKYGKKYAAAW"
"dbAMP_01469",0.54,-1,-0.54,"ENDHRMPNNLNRPNNLSKGGAKCGAAIAGGLFGIPKGPLAWAAGLANVYSKCN"
"dbAMP_01470",0.51,-1,-0.51,"ENDHRMPYELNRPNNLSKGGAKCAAGILGAGLGAVGGGPGGFISAGISAVLGCM"
"dbAMP_01482",0.64,0.724167,0.46346688,"EPFKLSLHL"
"dbAMP_01483",0.56,0.444167,0.24873352,"EPHPDEFVGLM"
"dbAMP_01488",0.52,0.4325,0.2249,"EPNPDEFVGLM"
"dbAMP_01490",0.5,0.273333,0.1366665,"EPRTPWDWV"
"dbAMP_01519",0.47,0.265833,0.12494151,"EQPGGDKVNLGYFTN"
"dbAMP_01547",0.51,-1,-0.51,"ESVFSKIGNAVGPAAYWILKGLGNMSDVNQADRINRKKH"
"dbAMP_01555",0.55,0.680833,0.37445815,"ETFAKKALKALEKLLKKG"
"dbAMP_01581",0.5,-1,-0.5,"EYHLMNGANGYLTRVNGKTVYRVTKDPVSAVFGVISNCWGSAGAGFGPQH"
"dbAMP_01582",0.5,-1,-0.5,"EYHLMNGANGYLTRVNGKYVYRVTKDPVSAVFGVISNGWGSAGAGFGPQH"
"dbAMP_01585",0.49,0.643333,0.31523317,"FAEPLPSEEEGESYSKEVPEMEKRYGGFM"
"dbAMP_01596",0.44,-1,-0.44,"FALLGDFFRKSKEKIGKEFKRIVQRIKDFLRNLVPRTES"
"dbAMP_01598",0.47,0.8375,0.393625,"FASLLGKALKALLAKLAKQ"
"dbAMP_01608",0.59,0.851667,0.50248353,"FCKSLPLPLSVK"
"dbAMP_01611",0.44,0.540833,0.23796652,"FCTMIPIPRCY"
"dbAMP_01628",0.51,-1,-0.51,"FEKILSLALIGKFGLVVTNFGTKVDAATRSYGNGVYCNNSKCWVNWGEAKENIAGIVISGWASGLAGIGH"
"dbAMP_01648",0.43,0.8625,0.370875,"FFGKVLKLIRKIF"
"dbAMP_01701",0.39,0.733333,0.28599987,"FFPIVGKRLYGLL"
"dbAMP_01716",0.48,0.678333,0.32559984,"FFPVIGRILNGIL"
"dbAMP_01719",0.55,0.7575,0.416625,"FFRLLFHGVHHGGGYLNAA"
"dbAMP_01746",0.56,-1,-0.56,"FGTTHSGKYYGNGVYCTKIKCTVDWAKATTCIAGMSIGGFLGGAIPGKVQ"
"dbAMP_01761",0.41,0.890833,0.36524153,"FIGAIANLLSKIF"
"dbAMP_01836",0.6,-1,-0.6,"FKKKKRNIGTFVFFAIALFCTVMFAYLLLTNQYVPIDYNVPRYA"
"dbAMP_01840",0.53,0.685833,0.36349149,"FKRIVQRIKDFLR"
"dbAMP_01842",0.48,0.610833,0.29319984,"FKRIVQRIKDFL"
"dbAMP_01845",0.58,0.711667,0.41276686,"FKSWSFCTPGCAKTGSFNSYCC"
"dbAMP_01846",0.55,0.8075,0.444125,"FKSWSLCTPGCARTGSFNSYCC"
"dbAMP_01851",0.48,0.864167,0.41480016,"FLAGLIGGLAKML"
"dbAMP_01905",0.44,0.74,0.3256,"FLGGILNTLTGLL"
"dbAMP_01948",0.51,0.93,0.4743,"FLGVVFKLASKVFPAVFGKV"
"dbAMP_01954",0.43,0.710833,0.30565819,"FLIIRRPIVLGLL"
"dbAMP_01994",0.44,0.915,0.4026,"FLPFFASLLGKLL"
"dbAMP_02002",0.38,0.821667,0.31223346,"FLPFLAKILTGVL"
"dbAMP_02005",0.42,0.800833,0.33634986,"FLPFLATLLSKVL"
"dbAMP_02007",0.52,0.9725,0.5057,"FLPFLKSILGKIL"
"dbAMP_02009",0.47,0.870833,0.40929151,"FLPFVGNLLKGLL"
"dbAMP_02037",0.49,0.881667,0.43201683,"FLPIIAKVLSGLL"
"dbAMP_02099",0.48,0.886667,0.42560016,"FLPLIGKILGTIL"
"dbAMP_02100",0.49,0.91,0.4459,"FLPLIGKILGTILGK"
"dbAMP_02102",0.48,0.736667,0.35360016,"FLPLIGRVLSGIL"
"dbAMP_02105",0.41,0.674167,0.27640847,"FLPLILRKIVTAL"
"dbAMP_02121",0.45,0.713333,0.32099985,"FLPLLASLFSRLF"
"dbAMP_02129",0.45,0.97,0.4365,"FLPLLLAGLPLKLCFLFKKC"
"dbAMP_02135",0.5,0.76,0.38,"FLPLVRVAAKLIPSVVCAISKRC"
"dbAMP_02136",0.53,0.763333,0.40456649,"FLPLVTGLLSGLL"
"dbAMP_02137",0.48,0.7425,0.3564,"FLPLVTMLLGKLF"
"dbAMP_02151",0.51,0.549167,0.28007517,"FLPPSPWKETFRTS"
"dbAMP_02257",0.55,0.696667,0.38316685,"FNRGGYNFGKSVRHVVDAIGSVAGILKSIR"
"dbAMP_02281",0.4,0.495833,0.1983332,"FPPPGESAVDMSFFYALSNP"
"dbAMP_02334",0.47,-1,-0.47,"FTALGTNVEAATYYGNGVYCNKQKCWVNWGQAWSEGVKRWGDNLFGSFSGGRI"
"dbAMP_02356",0.44,-1,-0.44,"FTPSVSFSQNGGVVEAAAQRGYIYKKYPKGAKVPNKVKMLVNIRGKQTMRTCYLMSWTASSRTAKYYYYI"
"dbAMP_02383",0.53,0.805833,0.42709149,"FVPAILCSILKTC"
"dbAMP_02392",0.55,0.346667,0.19066685,"FVYGNGVTSILVQAQFLVNGQRRFFYTPDK"
"dbAMP_02409",0.4,0.781667,0.3126668,"GAARKSIRLHRLYTWKATIYTR"
"dbAMP_02430",0.41,-1,-0.41,"GALWGAPAGGVGALPGAFVGAHVGAIAGGFACMGGMIGNKFN"
"dbAMP_02438",0.38,0.8125,0.30875,"GATAIKQVKKLFKKWGW"
"dbAMP_02440",0.56,0.6925,0.3878,"GAWKNFWSSLRKGFYDGEAGRAIRR"
"dbAMP_02464",0.63,0.4625,0.291375,"GDGTGPGPGP"
"dbAMP_02471",0.5,-1,-0.5,"GDVNWVDVGKTVATNGAGVIGGAFGAGLCGPVCAGAFAVGSSAAVAALYDAAGNSNSAKQKPEGLPPEAWNYAEGRMCNWSPNNLSDVCL"
"dbAMP_02491",0.5,-1,-0.5,"GETDPNTQLLNDLGNNMAWGAALGAPGGLGSAALGAAGGALQTVGQGLIDHGPVNVFIPVLIGPSWNGSGSGYNSATSSSGSGS"
"dbAMP_02492",0.55,-1,-0.55,"GETDPNTQLLNDLGNNMAWGAALGAPGGLGSAALGAAGGALQTVGQGLIDHGPVNVPIPVLIGPSWNGSGSGYNSATSSS"
"dbAMP_02493",0.53,-1,-0.53,"GETDPNTQLLNDLGNNMAWGAALGAPGGLGSAALGAAGGALQTVGQGLIDHGPVNVPIPVLIGPSWNGSGSGYNSATSSSGSGS"
"dbAMP_02575",0.51,-1,-0.51,"GFGCPWNAYECDRHCVSKGYTGGNCRGKIRQTCHCY"
"dbAMP_02595",0.33,0.745833,0.24612489,"GFGSLGKALRLGANVL"
"dbAMP_02677",0.48,0.381667,0.18320016,"GFMDTARERCKEPVMQRIAICRYLTQKKN"
"dbAMP_02699",0.43,-1,-0.43,"GFTALGTNVEAATRSYGNGVYCNKQKCWVNWNEAKQQIAGIVIGGWASSLASMGR"
"dbAMP_02700",0.48,-1,-0.48,"GFTALGTNVEAATYYGNGVYCNKQKCWVDWSRARSEIIDRGVKAYVNGFTKVLGGIGGR"
"dbAMP_02716",0.4,0.4075,0.163,"GGAGHVPEYF"
"dbAMP_02717",0.46,0.690833,0.31778318,"GGAGHVPEYFVGIGTPISFYG"
"dbAMP_02719",0.44,-1,-0.44,"GGAPATSANAAGAAAIVGALAGIPGGPLGVVVGAVSAGLTTAIGSTVGSGSASSSAGGGS"
"dbAMP_02720",0.44,-1,-0.44,"GGAPATSANAAGAAAIVGALAGIPGGPLGVVVGAVSAGLTTGIGSTVGSGSASSSAGGGS"
"dbAMP_02728",0.4,0.7175,0.287,"GGGVIQTISHECRMNSWQFLFTCCS"
"dbAMP_02774",0.52,-1,-0.52,"GHHHHHHIEGRLGKFSQTCYNSAIQGSVLTSTCERTNGGYNTSSIDLNSVIENVDGSLKWQPSNFIETCRNTQLAGSSELAAECKTRAQQFVSTKINLDDHIANIDGTLKYEGGSGGGGSGGLGKFSQTCYNSAIQGSVLTSTCERTNGGYNTSSIDLNSVIENVDGSLKWQPSNFIETCRNTQLAGSSELAAECKTRAQQFVSTKINLDDHIANIDGTLKYE"
"dbAMP_02899",0.47,-1,-0.47,"GIGFTALGTNVEAATYYGNGLYCNKQKCWVDWNKASREIGKIIVNGWVQHGPWAPR"
"dbAMP_02957",0.48,0.976667,0.46880016,"GIGKFLKKAKKFGKAFVKILKK"
"dbAMP_02960",0.54,0.933333,0.50399982,"GIGKHVGKALKGLKGLLKGLGES"
"dbAMP_03222",0.46,0.8575,0.39445,"GKNGVFKTISHECHLNTWAFLATCCS"
"dbAMP_03243",0.45,0.916667,0.41250015,"GKWMSLLKHILK"
"dbAMP_03435",0.43,0.650833,0.27985819,"GLGDILGLLGL"
"dbAMP_03437",0.48,-1,-0.48,"GLGKAQCAALWLQCASGGTIGCGGGAVACQNYRQFCR"
"dbAMP_03438",0.48,-1,-0.48,"GLGLWGNKGCATCSIGAACLVDGPIPDIAGA"
"dbAMP_03485",0.51,0.98,0.4998,"GLKKLLGKLLKKLGKLLLK"
"dbAMP_03566",0.4,0.803333,0.3213332,"GLLKRIKTLL"
"dbAMP_03769",0.47,0.333333,0.15666651,"GLSQGVEPDIGQTYFEESRINQD"
"dbAMP_03879",0.52,0.460833,0.23963316,"GMLKWKNDFFHFLQVWLLISCQNYFVK"
"dbAMP_03884",0.52,-1,-0.52,"GMSGYIQGIPDFLKGYLHGISAANKHKKGRL"
"dbAMP_03885",0.48,-1,-0.48,"GMSGYIQGIPDFLKGYLHGISAANKHKKGRLGY"
"dbAMP_03893",0.46,0.799167,0.36761682,"GNAACVIGCIGSCVISEGIGSLVGTAFTLG"
"dbAMP_03894",0.52,-1,-0.52,"GNANSNYEGGGSRSRNTGARNSLGRNAPTHIYSDPSTVKCANAVFSGMVGGAIKGGPVGMTRGTIGGAVIGQCLSGGGNGNGGGNRAGSSNCSGSNVGGTCSR"
"dbAMP_03897",0.39,0.745833,0.29087487,"GNGVIKTISHECHMNTWQFIFTCCS"
"dbAMP_03899",0.4,0.6575,0.263,"GNGVLKTISHECNMNTWQFLF"
"dbAMP_03900",0.42,0.77,0.3234,"GNGVLKTISHECNMNTWQFLFTCC"
"dbAMP_03907",0.52,0.666667,0.34666684,"GNPKVAHCASQIGRSTAWGAVSGA"
"dbAMP_03958",0.53,0.725833,0.38469149,"GPVGLLSSPGSLPPVGGAP"
"dbAMP_03979",0.45,0.810833,0.36487485,"GRFKRFRKPFKKLFKKIS"
"dbAMP_04052",0.62,0.298333,0.18496646,"GSEIQPR"
"dbAMP_04054",0.56,-1,-0.56,"GSFTMDDISPSELKTILHSKRANLYYLQHCRVLVNGGRVEYVTDEGRHSHYWNIPIANTTSLLLGTGTSITQAAMRELARAGVLVGFCGGGGTPLFSANEVDVEVSWLTPQSEYRPTEYLQRWVGFWFDEEKRLVAARHFQRARLERIRHSWLEDRVLRDAGFAVDATALAVAVEDSARALEQAPNHEHLLTEEARLSKRLFKLAAQATRYGEFVRAKRGSGGDPANRFLDHGNYLAYGLAATATWVLGIPHGLA"
"dbAMP_04057",0.58,-1,-0.58,"GSGPTYCWNEANNPGGPNRCSNNKQCDGARTCSSSGFCQGTSRKPDPGPKGPTYCWDEAKNPGGPNRCSNSKQCDGARTCSSSGFCQGTAGHAAA"
"dbAMP_04059",0.45,0.764167,0.34387515,"GSGVIPTISHECHMNSFQFVFTCCS"
"dbAMP_04096",0.44,0.560833,0.24676652,"GSQLVYREWVGHSNVIKGPP"
"dbAMP_04097",0.43,0.513333,0.22073319,"GSQLVYREWVGHSNVIKP"
"dbAMP_04099",0.44,0.8625,0.3795,"GSRYLCTPGSCWKLVCFTTTVK"
"dbAMP_04175",0.42,0.365,0.1533,"GTPGFQTPDARVISRFGFN"
"dbAMP_04191",0.45,-1,-0.45,"GTWDDIGQGIGRVAYWVGKALGNLSDVNQASRINRKKKH"
"dbAMP_04192",0.44,-1,-0.44,"GTWDDIGQGIGRVAYWVGKAMGNMSDVNQASRINRKKKH"
"dbAMP_04206",0.55,0.901667,0.49591685,"GVCRCLCRRGVCRCLCRR"
"dbAMP_04240",0.54,0.825,0.4455,"GVIKSVLKGVAKTVALGML"
"dbAMP_04312",0.49,-1,-0.49,"GVYCTKNKCTVDRAKATTCIAGMSIGGFLGGAIPG"
"dbAMP_04374",0.55,-1,-0.55,"GWLKKIGKKIERVGQHTRDATIQTIGVAQQAANVAATLKG"
"dbAMP_04388",0.45,0.770833,0.34687485,"GWLRKLGAVLKVLTT"
"dbAMP_04402",0.46,0.7075,0.32545,"GWVACVGACGTVCLASGGVGTEFAAASYFL"
"dbAMP_04520",0.54,-1,-0.54,"HSGKYYGNGVYCTKNKCTVDWAKATTCIAGMSIGGFLGGAIPG"
"dbAMP_04536",0.45,0.380833,0.17137485,"IAIQGGGYLQPGDGYKYA"
"dbAMP_04539",0.47,-1,-0.47,"IAPIIVAGLGYLVKDAWDHSDQIISGFKKGWNGGRRK"
"dbAMP_04540",0.57,0.7775,0.443175,"IASASCTTCICTCSCSS"
"dbAMP_04541",0.51,0.816667,0.41650017,"IASKFICTPGCAKTGSFNSYCC"
"dbAMP_04542",0.52,0.8025,0.4173,"IASKFLCTPGCAKTGSFNSYCC"
"dbAMP_04562",0.5,0.718333,0.3591665,"IDWLKLGKMVIDAL"
"dbAMP_04572",0.42,0.9025,0.37905,"IFGAIAGLLKNIF"
"dbAMP_04593",0.43,0.6225,0.267675,"IGCGGGAVACQNYRQFCR"
"dbAMP_04667",0.53,0.7425,0.393525,"IKLSPETKDNLKKVLKGAIKGAIAVAKMV"
"dbAMP_04668",0.49,-1,-0.49,"IKLVQSPNGNFAASFVLDGTKWIFKSKYYDSSKGYWVGIYE"
"dbAMP_04687",0.48,-1,-0.48,"ILFSYLLFYVLKENSKREDKYQNIIEELTELLPKIKEDVEDIKEKLNK"
"dbAMP_04689",0.39,0.89,0.3471,"ILGAILPLVSGLLSNKL"
"dbAMP_04690",0.39,0.938333,0.36594987,"ILGAILPLVSGLLSSKL"
"dbAMP_04702",0.48,0.9875,0.474,"ILGKILKGIKKLF"
"dbAMP_04704",0.43,0.936667,0.40276681,"ILGKIWEGIKSLF"
"dbAMP_04739",0.31,0.820833,0.25445823,"ILKKWPW"
"dbAMP_04770",0.46,0.783333,0.36033318,"ILPWKWPWWPWR"
"dbAMP_04775",0.43,0.919167,0.39524181,"ILSAIWSGIKSLF"
"dbAMP_04789",0.46,0.716667,0.32966682,"INLKAIAAMAKKLL"
"dbAMP_04799",0.53,0.741667,0.39308351,"INMKASAAVAKKLL"
"dbAMP_04839",0.55,-1,-0.55,"IPLIWKDFTLDRRLYEAMRRKNTNVDASAALEAAYTVSSAEEMMILRGITRNGTTFEKNGLYEGAGQDYSTPKAIGTYGGIQDAVTDVYEMMDDSDVPTDSLRWNLSMSPNIYNKVNKSRSANDVKEMKDLLELLGTPNNPGNVFKSNTLPSVSTTG"
"dbAMP_04876",0.48,0.538333,0.25839984,"ISLEICAIFHDN"
"dbAMP_04877",0.51,0.535,0.27285,"ISLEICIFHDN"
"dbAMP_04882",0.59,0.775,0.45725,"ISVCITVC"
"dbAMP_04885",0.43,-1,-0.43,"ITAISLCTPGCKTGALMGCNMKTATCNCSIHVSK"
"dbAMP_04901",0.45,0.6475,0.291375,"ITPATPFTPAIITEITAAVIA"
"dbAMP_04902",0.42,0.625,0.2625,"ITPATPFTPAITEITAAVIA"
"dbAMP_04903",0.51,0.821667,0.41905017,"ITSFIGCTPGCGKTGSFNSFCC"
"dbAMP_04906",0.43,-1,-0.43,"ITSISLCTPGCKTGALMGCNMKTATCHCSIHVSK"
"dbAMP_04907",0.42,-1,-0.42,"ITSISLCTPGCKTGALMGCNMKTATCNCSIHVSK"
"dbAMP_04908",0.42,-1,-0.42,"ITSISLCTPGCKTGALMGCNMKTATCNCSVHVSK"
"dbAMP_04909",0.44,-1,-0.44,"ITSISLCTPGCKTGVLMGCNLKTATCNCSVHVSK"
"dbAMP_04910",0.52,-1,-0.52,"ITSKSLCTPGCKTGILMTCPLKTATCGCHFG"
"dbAMP_04911",0.41,0.746667,0.30613347,"ITSVSWCTPGCTSEGGGSGCSHCC"
"dbAMP_04925",0.48,-1,-0.48,"IWDAIFHGAKHFLHRLVNPGGKDAVKDVQQKQ"
"dbAMP_04934",0.29,0.378333,0.10971657,"IYEPEIA"
"dbAMP_04935",0.53,-1,-0.53,"IYFIADKMGIQLAPAWYQDIVNWVSAGGTLTTGFAIIVGVTVPAWIAEAAAAFGIASA"
"dbAMP_04936",0.52,-1,-0.52,"IYWIADQFGIHLATGTARKLLDAMASGASLGTAFAAILGVTLPAWALAAAGALGATA"
"dbAMP_04937",0.51,-1,-0.51,"IYWIADQFGIHLATGTARKLLDAMASGASLGTAFAAILGVTLPAWALAAAGALGATAA"
"dbAMP_04938",0.52,-1,-0.52,"IYWIADQFGIHLATGTARKLLDAVASGASLGTAFAAILGVTLPAWALAAAGALGATAA"
"dbAMP_04939",0.33,0.575833,0.19002489,"IYWNVSGW"
"dbAMP_04963",0.54,0.706667,0.38160018,"KCKWWNISCDLGNNGHVCTLSHECQVSCN"
"dbAMP_04993",0.53,0.505,0.26765,"KFDSLVECIWDWIDRLWS"
"dbAMP_05025",0.55,-1,-0.55,"KGFKDYGHDYHPAPKTENIKGLGDLKPGIPKTPKQNGGGKRKRWTGDKGRKIYEWDSQAGELEGYRASDGQHLGSFDPKTGNQLKGPDPKRNIKKYL"
"dbAMP_05028",0.39,0.818333,0.31914987,"KGGSGVIHTISHECNMNSWQFVFTCCS"
"dbAMP_05029",0.42,0.790833,0.33214986,"KGGSGVIHTISHEVIYNSWNFVFTCCS"
"dbAMP_05032",0.57,-1,-0.57,"KGILGKLGVVQAGVDFVSGVWAGIKQSAKDHPNA"
"dbAMP_05033",0.55,-1,-0.55,"KGKGFWSWASKATSWLTGPQQPGSPLLKKHR"
"dbAMP_05035",0.48,0.986667,0.47360016,"KGLKKLLKLLKKLLKL"
"dbAMP_05036",0.55,-1,-0.55,"KGLRRDLDASREAKKQLEAEQQKLEEQNKISEASRKGLRRDLDASREAKKQVEKA"
"dbAMP_05051",0.43,0.7075,0.304225,"KGRGKQGGKVRAKAKTRSS"
"dbAMP_05124",0.52,0.955,0.4966,"KKKKPLFGLFFGLF"
"dbAMP_05125",0.49,0.525833,0.25765817,"KKKKQSWYAAAGDAIVSFGEGFLN"
"dbAMP_05128",0.43,0.788333,0.33898319,"KKKSGVIPTVSHDCHMNSFQFVFTCCS"
"dbAMP_05139",0.55,0.974167,0.53579185,"KKLLKWLKKLL"
"dbAMP_05145",0.36,0.773333,0.27839988,"KKSGVIPTVSHDCHMNTFQFMFTCCS"
"dbAMP_05153",0.52,-1,-0.52,"KKWGWLAWVDPAYEFIKGFGKGAIKEGNKDKWKNI"
"dbAMP_05154",0.51,-1,-0.51,"KKWGWLAWVEPAGEFLKGFGKGAIKEGNKDKWKNI"
"dbAMP_05155",0.53,0.855,0.45315,"KKWKKFIKKIGIGAVLTTPGAKK"
"dbAMP_05164",0.49,0.97,0.4753,"KLAKLAKKLAKLAK"
"dbAMP_05191",0.47,-1,-0.47,"KLTFIQSTAAGDLYYNTNTHKYVYQQTQNAFGAAANTIVNGWMGGAAGGFGLHH"
"dbAMP_05211",0.5,-1,-0.5,"KNYGNGVHCTKKGCSVDWGYAWANIANNSVMNGLTGGNAGWHN"
"dbAMP_05212",0.49,-1,-0.49,"KNYGNGVHCTKKGCSVDWGYAWTNIANNSVMNGLTGGNAGWHN"
"dbAMP_05213",0.56,-1,-0.56,"KNYGNGVYCNKHKCSVDWATFSANIANNSVAMAGLTGGNAGNK"
"dbAMP_05214",0.57,-1,-0.57,"KPAWCWYTLAMCGAGYDSGTCDYMYSHCFGIKHHSSGSSSYHC"
"dbAMP_05215",0.54,-1,-0.54,"KPAWCWYTLAMCGAGYDSGTCDYMYSHCFGVKHSSGGGGSYHC"
"dbAMP_05248",0.55,0.383333,0.21083315,"KQQLATEAESAGPIL"
"dbAMP_05273",0.52,-1,-0.52,"KRGPNCVGNFLGGLFAGAAAGVPLGPAGIVGGANLGMVGGALTCL"
"dbAMP_05274",0.44,0.6275,0.2761,"KRGSGWIATITDDCPNSVFVCC"
"dbAMP_05285",0.52,0.761667,0.39606684,"KRKCPKTPFDNTPGAWFAHLILGC"
"dbAMP_05297",0.51,-1,-0.51,"KRSFTEYTQVIETVSKNKVFLEQLLLANPKLYDVMQKYNAGLLKKKRVKKLFESIYKYYKRSYLRS"
"dbAMP_05298",0.52,-1,-0.52,"KRSFTEYTQVIETVSKNKVFLEQLLLANPKLYDVMQKYNAGLLKKKRVKKLFESIYKYYKRSYLRSTPFGLFSETSIGVFSKSSQYKLMGKTTKGIRLDTQWLIRLVHKMEVDFSKKLSFTRNNANYKFGDRVFQVYT"
"dbAMP_05363",0.42,0.766667,0.32200014,"KSSAYSLQMGATAIKQVKKLFKKWGW"
"dbAMP_05368",0.5,0.804167,0.4020835,"KSWSLCTPGCARTGSFNSYCC"
"dbAMP_05369",0.54,-1,-0.54,"KSYGNGVHCNKKKCWVDWGSAISTIGNNSAANWATGGAAGWKS"
"dbAMP_05370",0.55,-1,-0.55,"KSYGNGVQCNKKKCWVDWGSAISTIGNNSAANWATGGAAGWKS"
"dbAMP_05373",0.54,0.375,0.2025,"KTCENLADDY"
"dbAMP_05392",0.49,0.6525,0.319725,"KTHYPTNAWKSLWKGFWESLRYTDGF"
"dbAMP_05403",0.61,-1,-0.61,"KTVNYGNGLYCNQKKCWVNWSETATTIVNNSIMNGLTGGNAGWHSGGRA"
"dbAMP_05405",0.52,-1,-0.52,"KTYYGTNGVHCTKKSLWGKVRLKNVIPGTLCRKQSLPIKQDLKILLGWATGAFGKTFH"
"dbAMP_05435",0.48,0.904167,0.43400016,"KVFLGLK"
"dbAMP_05452",0.49,-1,-0.49,"KVSGGEAVAAIGICATASAAIGGLAGATLVTPYCVGTWGLIRSH"
"dbAMP_05492",0.47,0.940833,0.44219151,"KWKLFKKGAVLKVLT"
"dbAMP_05493",0.45,0.969167,0.43612515,"KWKLFKKGIGAVLKV"
"dbAMP_05521",0.55,0.955,0.52525,"KWKLFKKPKFLHLAKKF"
"dbAMP_05554",0.54,-1,-0.54,"KYYGNGLSCNKSGCSVDWSKAISIIGNNAVANLTTGGAAGWKS"
"dbAMP_05555",0.61,-1,-0.61,"KYYGNGLSCSKKGCTVNWGQAFSCGVNRVATAGHGK"
"dbAMP_05556",0.58,-1,-0.58,"KYYGNGLSCSKKGCTVNWGQAFSCGVNRVATAGHHKC"
"dbAMP_05557",0.49,0.713333,0.34953317,"KYYGNGVHCGKHSCTVDW"
"dbAMP_05558",0.56,-1,-0.56,"KYYGNGVHCGKHSCTVDWGTAIGCIGNNAAANWATGGNAGWNKC"
"dbAMP_05559",0.53,-1,-0.53,"KYYGNGVHCGKHSCTVDWGTAIGNIGNNAAANWATGGNAGWNK"
"dbAMP_05560",0.55,-1,-0.55,"KYYGNGVHCGKKTCYVDWGQATASIGKIIVNGWTQHGPWAHR"
"dbAMP_05561",0.6,-1,-0.6,"KYYGNGVHCTKSGCSVNWGEAASAGIHRLANGGNGF"
"dbAMP_05562",0.61,-1,-0.61,"KYYGNGVHCTKSGCSVNWGEAASAGIHRLANGGNGFW"
"dbAMP_05563",0.6,-1,-0.6,"KYYGNGVHCTKSGCSVNWGEAFSAGVHRLANGGNGFW"
"dbAMP_05564",0.61,-1,-0.61,"KYYGNGVHLTKSGLSVNWGEAFSAGVHRLANGGNGFW"
"dbAMP_05565",0.61,-1,-0.61,"KYYGNGVHSTKSGSSVNWGEAFSAGVHRLANGGNGFW"
"dbAMP_05566",0.57,-1,-0.57,"KYYGNGVHGKHSTVDWGTAIGNIGNNAAANATGNAGG"
"dbAMP_05567",0.57,-1,-0.57,"KYYGNGVSCNKKGCSVDWGKAIGIIGNNAAANLTTGGKAAWAC"
"dbAMP_05568",0.56,-1,-0.56,"KYYGNGVSCNKKGCSVDWGKAIGIIGNNSAANLATGGAAGWKS"
"dbAMP_05569",0.56,-1,-0.56,"KYYGNGVSCNKKGCSVDWGKAIGIIGNNSAANLATGGAAGWSK"
"dbAMP_05570",0.55,-1,-0.55,"KYYGNGVSCNKNGCTVDWSKAIGIIGNNAAANLTTGGAAGWNKG"
"dbAMP_05571",0.52,-1,-0.52,"KYYGNGVSCNSHGCSVNWGQAWTCGVNHLANGGHGVC"
"dbAMP_05572",0.54,-1,-0.54,"KYYGNGVTCGKHSCSVDWGKATTCIINNGAMAWATGGHQGNHKC"
"dbAMP_05573",0.54,-1,-0.54,"KYYGNGVTCGKHSCSVDWGKATTCIINNGAMAWATGGHQGTHKC"
"dbAMP_05574",0.57,-1,-0.57,"KYYGNGVTCGKHSCSVDWGKATTCIINNGAMAATGGHQGNHK"
"dbAMP_05575",0.56,-1,-0.56,"KYYGNGVTCGKHSCSVDGKATTCIINNGAMAATGGHQGNHKC"
"dbAMP_05576",0.55,-1,-0.55,"KYYGNGVTCGKHSCSVNWGQAFSCSVSHLANFGHGKC"
"dbAMP_05577",0.54,-1,-0.54,"KYYGNGVTCGLHDCRVDRGKATCGIINNGGMWGDIG"
"dbAMP_05593",0.51,-1,-0.51,"LAGYTGIASGTAKKVVDAIDKGAAAFVIISIISTVISAGALGAVSASADFIILTVKNYISRNLKAQAVIW"
"dbAMP_05605",0.51,-1,-0.51,"LALIGKLGLVVTNFGTKVDAATRSYDNGIYCNNSKCWFNWGEAKENIAGIVISGWASGLAGMGH"
"dbAMP_05741",0.54,-1,-0.54,"LGKFSQTCYNSAIQGSVLTSTCERTNGGYNTSSIDLNSVIAAVDGSLKWPSNFIEACRNTQLAGSSELAAECKTAAGQFVSTKINLDDHIANIDGTLKYE"
"dbAMP_05742",0.52,-1,-0.52,"LGKFSQTCYNSAIQGSVLTSTCERTNGGYNTSSIDLNSVIAAVDGSLKWQGSNFIEACRNTQLAGSSELAAECKTAAGQFVSTKINLDDHIANIDGTLKYE"
"dbAMP_05743",0.48,-1,-0.48,"LGKFSQTCYNSAIQGSVLTSTCERTNGGYNTSSIDLNSVIENVDGSLKWQPSNFIETCRNTQLAGSSELAAECKTRAQQFVSTKINLDDHIANIDGTLKYE"
"dbAMP_05744",0.48,-1,-0.48,"LGKFSQTCYNSAIQGSVLTSTCERTNGGYNTSSIDLNSVIENVDGSLKWQSPNFIETCRNTQLAGSSELAAECKTRAQQFVSTKINLDDHIANIDGTLKYE"
"dbAMP_05748",0.48,-1,-0.48,"LGNFSQACYNSAIQGSVLTSTCIRTNGGYNTSSIDLNSVIENVDGSLKWQGSNFIETCRNTQLAGSSELAAECKTRAQQFVSTKINLDDHIAAIDGTLKYELEHHHHHH"
"dbAMP_05768",0.53,-1,-0.53,"LIDHLGAPRWAVDTILGAIAVGNLASWVLALVPGPGWAVKAGLATAAAIVKHQGKAAAAAW"
"dbAMP_05820",0.47,0.506667,0.23813349,"LLDVLLE"
"dbAMP_05857",0.49,0.835833,0.40955817,"LLKKLLRAASKALSLL"
"dbAMP_05865",0.47,0.535,0.25145,"LLPIVDNLLDGLL"
"dbAMP_05869",0.57,0.711667,0.40565019,"LLPIVGNLLNSLL"
"dbAMP_05934",0.45,0.396667,0.17850015,"LPLPAPSFHRTT"
"dbAMP_05989",0.5,-1,-0.5,"LRDLVCYCRSRGCKGRERMNGTCRKGHLLYTLCCR"
"dbAMP_06011",0.49,0.640833,0.31400817,"LRPAVIRPKGK"
"dbAMP_06016",0.42,0.874167,0.36715014,"LRRIIRKIIHIIK"
"dbAMP_06027",0.46,-1,-0.46,"LSCDEGMLAVGGLGAVGGPWGAAVGVLVGAALYCF"
"dbAMP_06033",0.52,-1,-0.52,"LSKKLICYCRIRGCKRRERVFGTCRNLFLTFVFCCS"
"dbAMP_06039",0.47,0.810833,0.38109151,"LSPNLLKSLL"
"dbAMP_06043",0.38,0.760833,0.28911654,"LSSALSALSSALSSK"
"dbAMP_06066",0.56,0.729167,0.40833352,"LTTKLWSSWGYYLGKKARWNLKHPYVQF"
"dbAMP_06068",0.43,0.970833,0.41745819,"LLLLKILLLKKLKA"
"dbAMP_06069",0.46,-1,-0.46,"LVATGMAAGVAKTIVNAVSAGMDIATALSLFSGAFTAAGGIMALIKKYAQKKLWKQLIAA"
"dbAMP_06070",0.48,-1,-0.48,"LVAYGIAQGTAEKVVSLINAGLTVGSIISILGGVTVGLSGVFTAVKAAIAKQGIKKAIQL"
"dbAMP_06081",0.47,-1,-0.47,"LVNQLGISKSLANTILGAIAVGNLASWVLALVPGPGWATKAALATAETIVKHEGKAAAIAW"
"dbAMP_06092",0.5,-1,-0.5,"LWQHSCSVDWGKATTCIINNGAMAWATGGHQGNHK"
"dbAMP_06096",0.54,0.6275,0.33885,"LYKLVKVVLNM"
"dbAMP_06099",0.56,-1,-0.56,"MAAAADSLSQAEEPKLLTGTEKRTLARELAKTPAFRELAQRARADGAQIRSDADSIVAGYARGEDFAREVVQYDLENLTDAAEASIVIGRNPETGEIEVANLDYYYETDDGVLDEVHRFEPTNASETDGVQSAATSDGATVIAVDTDAIREAQNSEIDIDESSPSNAAPTPADIDITGCSACKYAAGQVCTIGCSAAGGFICGLLGITIPVAGLSCLGFVEIVCTVADEYSGCGDAVAKEACNRAGLC"
"dbAMP_06100",0.58,-1,-0.58,"MAAAAGDLSQAEEAKLLTGAEKRDLARKLAATPAFRELAQRARADSAQVRTDADGVVAGYARGEDFAREVVQYDLENPADADEGSIVVGRNPDTGEIEVASLDYYYETDDGVLNEVHRFEPTGGGESNGPQPAATSGGATVISVDTDAIREARNSELDPDQISPSGTAVTPADIEVTGCSACQYAAGQICTIGCSAAGGFICGFLGITIPVAGLSCLGFVEIVCTVADEYSGCGDAVAEEACDRAGLC"
"dbAMP_06132",0.47,0.614167,0.28865849,"MAADIISTIGDLVKLIINTVKKFQK"
"dbAMP_06133",0.6,-1,-0.6,"MAAFMKLIQFLATKGQKYVSLAWKHKGTILKWINAGQSFEWIYKQIKKLWA"
"dbAMP_06150",0.57,-1,-0.57,"MAATHEHSAQWLNNYKKGYGYGPYPLGINGGMHYGVDFFMNIGTPVKAISSGKIVEAGWSNYGGGNQIGLIENDGVHRQWYMHLSKYNVKVGDYVKAGQIIGWSGSTGYSTAPHLHFQRMVNSFSNSTAQDPMPFLKSAG"
"dbAMP_06151",0.56,-1,-0.56,"MAATHEHSAQWLNNYKKGYGYGPYPLGINGGMHYGVDFFMNIGTPVKAISSGKIVEAGWSNYGGGNQIGLIENDGVHRQWYMHLSKYNVKVGDYVKAGQIIGWSGSTGYSTAPHLHFQRMVNSFSNSTAQDPMPFLKSAGYGKAGGTVTPTPNTGWKTNKYGTLYKSESASFTPNTDIITRTTGPFRSMPQS"
"dbAMP_06215",0.58,-1,-0.58,"MAGFLKVVQLLAKYGSKAVQWAWANKGKILDWLNAGQAIDWVVSKIKQILGIK"
"dbAMP_06224",0.53,-1,-0.53,"MAGRTRIPFNGVGTSVLPAYQTLSAGQYLLSPNQRFKLLLQGDGNLVIQDNGATVWVANEQQPFSSTIPLRNKKAPLAFYVQYGAFLDDYSRRRVWLTDNSTFTSNDQWNRTHLVLQDDGNIVLVDSLALWNGTPAIPLVPGAIDSLLLAPGSELVQGVVYGAGASKLVFQGDGNLVAYGPNGAATWNAGTQ"
"dbAMP_06225",0.55,-1,-0.55,"MAGRTRIPFNGVGTSVLPAYQTLSAGQYLLSPNQRFKLLLQGDGNLVIQDNGATVWVANEQQPFSSTIPLRNKKAPLAFYVQYGAFLDDYSRRRVWLTDNSTFTSNDQWNRTHLVLQDDGNIVLVDSLALWNGTPAIPLVPGAIDSLLLAPGSELVQGVVYGAGASKLVFQGDGNLVAYGPNGAATWNAGTQGKGAVRAVFQGDGNLVVYGAGNAVLWHSHTGGHASAVLRLQANGSIAILDEKPVWARFGFQPT"
"dbAMP_06256",0.52,-1,-0.52,"MAKEFGIPAAVAGTVINVVEAGGWVTTIVSILTAVGSGGLSLLAAAGRESIKAYLKKEIKKKGKRAVIAW"
"dbAMP_06257",0.51,-1,-0.51,"MAKEFGIPAAVAGTVINVVVAGGWVTTIVSILTAVGSGGLSLLAAAGRESIKAYLKKEIKKKGKRAVIAW"
"dbAMP_06258",0.52,-1,-0.52,"MAKEFGIPAAVAGTVLNVVEAGGWVTTIVSILTAVGSGGLSLLAAAGRESIKAYLKKEIKKKGKRAVIAW"
"dbAMP_06259",0.49,-1,-0.49,"MAKELSGYGPTAGESMGGTGANLNQQGGNNNSNSGVHWGGGSGHGNNGGQGNSNSSGSTSTVMKTGESYLTPWGDVVINNDGLPVMNGIVMTEENSTLVDNPFGGVSRVLNSLISDMPSLFAESSGNNNNNTASVNTAPTNAQVSDMDKSSKVVSNVINEKQKQKNKIATQISEKQKKIEEMKKVFKHHSYHGITDLERDVDELQKKSNQLDADISKLNSYKNTLQSKIGDVNKQKEAEEKARENAEVAEHETLN"
"dbAMP_06271",0.65,-1,-0.65,"MAKFDDFDLDIVVKKQDDVVQPNVTSKSLCTPGCITGVLMCLTQNSCVSCNSCIRC"
"dbAMP_06272",0.55,-1,-0.55,"MAKFDDFDLDVMKTAAEDGGVQPRITSKSLCTPGCVTGILMTMVKNHHLAKSITDASWYELTRQLEYKVKWNGRQYVKIDTFYASSQLCSVCGYQNEEIKNLTVREWICPVCGAKHDRDVNAAKNILAEGLRQIA"
"dbAMP_06281",0.63,-1,-0.63,"MAKLDDFDLDIVVKKQDNIVQPNITSKSLCTPGCITGILMCLTQNSCVSCNSCIRC"
"dbAMP_06286",0.61,-1,-0.61,"MAKQQMNLVEIEAMNSLQELTLEELDNVLGAGGGVIQTISHECRMNSWQFLFTCCS"
"dbAMP_06339",0.56,-1,-0.56,"MALSVHPSIGVARLGNANTDNFVLNPMEIGGLPYEHDVDLKPTTTVVNFKDEAGCIRRQGQVFKVFGASNEELTLDSPNVKNIEWTVHLANKKAAWYEFRELNGNLLYGRDNSYSARGVPWRNASKTASSERQSLIIDLGPRSVSGVMATVEISINNIPETYLHPSYPSGELLQGSKHFESLGTLRTDSQGRLIVLGGYGFAGGNTDLSGYGGGDDWYDDISDGSVTCVVTYSDDSSETSTAWMVVGSPDFAPEI"
"dbAMP_06361",0.59,-1,-0.59,"MANIIGGKYYGNGVTCGKHSCSVDWGKATTCIINNGAMAWATGGHQGNHKCEQFIKLGLLRGEFLF"
"dbAMP_06404",0.54,-1,-0.54,"MARPIADLIHFNSTTVTASGDVYYGPGGGTGIGPIARPIEHGLDSSTENGWQEFESYADVGVDPRRYVPLQVKEKRREIELQFRDAEKKLEASVQAELDKADAALGPAKNLAPLDVINRSLTIVGNALQQKNQKLLLNQKKITSLGAKNFLTRTAEEIGEQAVREGNINGPEAYMRFLDREMEGLTAAYNVKLFTEAISSLQIRMNTLTAAKASIEAAAANKAREQAAAEAKRKAEEQARQQAAIRAANTYAMPA"
"dbAMP_06469",0.47,-1,-0.47,"MASQEPAAPAAEATPAGEAPASEAPAAEAAPADAAEAPAAGNCAATVESNDNMQFNTKDIQVSKACKEFTITLKHTGTQPKASMGHNLVIAKAEDMDGVFKDGVGAADTDYVKPDDARVVAHTKLIGGGEESSLTLDPAKLADGDYKFACTFPGHGALMNGKVTLVD"
"dbAMP_06486",0.54,-1,-0.54,"MASSLAPRQVIRDGQFITSPNGKYKLVMQADGNLVLYEDGTKPIWNTTPVGPGAKAVMEFNLNLYNKAGQVAWSSNVYTAYLFEEFKDEAYLNLQDDGDFGIFSDEAKWGSIVLSRPEVGVKNKIIPTGTVMVPGTEYINGNYRLAFQGDGNLVIYQINPQVVIWATYTMGADRAVVQEDGNFVIYKGTTALWHTHTATGMPAYLKFTNTGKLFLSQPTLLWTLKRGSLSKPPKVIPGQHGPLDTTPIWSWPHDY"
"dbAMP_06507",0.56,-1,-0.56,"MASYKVNIPAGPLWSNAEAQQVGPKIAAAHQGNFTGQWTTVVESAMSVVEVELQVENTGIHEFKTDVLAGPLWSNDEAQKLGPQIAASYGAEFTGQWRTIVEGVMSVIQIKYTF"
"dbAMP_06533",0.55,-1,-0.55,"MATQTIENFNTLDFETLASVEGGKVIYYGNGLYCKSNGGCWVDWSQTINSILTNSAMNWGTQGHAGWHTGGVAP"
"dbAMP_06615",0.53,-1,-0.53,"MDILRRENAQFPASIWSAIEKEAGLVFGKHLTGRKVVDFKGGLGIGFSSLPTGRVISSKEKLGEASVGVRMNTPVIELKIPFSFPESEVEAILREANAFDISSIEKAAKKVCVAENELVFYGLKKEGIEGLIPSIPHKPIKAKGDEILPAVAEGIKELVNSEIEGPYALLIQPQYFGKLFGVAGNSGYPLTLKLAELLQGNNIIVAPALKSGALLVSLRGGDYELYSGMDIGVGYSEKKSTNHELFFFETLTFRI"
"dbAMP_06622",0.52,-1,-0.52,"MDKLRKYPDSPLTTEEWNQLDATVVDMARRQLVGRRFIDIYGPLGEGIQTITNDVYEESRFGGLSLRGESLEMTQPSRRVSMTIPILYKDFMLYWRDVAQARTLGMPLDMSAAANAAAGGALMEDDLIFNGAAEFDLPGLMNVKGRLTHLKSDWMESGNAFADIVEARNKLLKMGHSGPYALVVSPELYSLLHRVHKGTNVLEIEHVRNLVTDGVFQSPTIKGRSGVLVATGRHNLDLAIAEDFDSAFLGDEQMN"
"dbAMP_06631",0.53,-1,-0.53,"MDLISVSKKDSGVSPRITSISLCTPGCKTGALMGCNMKTATCNCSIHVSK"
"dbAMP_06632",0.56,-1,-0.56,"MDLLKRELAPILPAAWDLIDHEATRVLKLHLAGRKVVDFRGPFGWEVAAVNTGRLRAIERKEGPAVSAGVRLVRPLVEFRAPIRLELAELDAVGRGAQEPNIEDVVRAAEHAARFEDGAIFNGLAAAGIEGILEVAPHKPVVIPAPEAWPRAVAEAREVLRAAGVDGPYALALGPKAYDELAAAAEDGYPLRKHIEGQLIDGPIVWAPALEGGVLLSTRGGDFELTVGEDLSIGYDGHDRQVVELFLTESFTF"
"dbAMP_06639",0.53,-1,-0.53,"MDNLHRKLAPISDAAWAQIEDEAARTLKRYLGARRVVDVHGPEGFGLSAVGTGHLRPATALAEGVESHRREVNPLLELRVPFTLTRAAIDDVARGSNDSDWQPLKDAARKIALAEDRLVFLGHGDAGIRGILPETSNPIVALPANVADYPEAVASAVSELRLAGVNGPYALILGTTAFTAANGGAEDGYPVLKHLERLVDVPVVWSQALEGGAVVTTRGGDFDLWLGQDISIGYLSHDAASVTLYLQESLTFQMQ"
"dbAMP_06640",0.53,-1,-0.53,"MDNLNKFKKLSDNKLQATIGGGMSGYIQGIPDFLKGYLHGISAANKHKKGRLGY"
"dbAMP_06682",0.62,-1,-0.62,"MEAIKKLDLQAMKGIVGGKYYGNGLSCNKSGCSVDWSKAISIIGNNAVANLTTGGAAGWKS"
"dbAMP_06696",0.53,-1,-0.53,"MEFLKRSFAPLTEKQWQEIDNRAREIFKTQLYGRKFVDVEGPYGWEYAAHPLGEVEVLSDENEVVKWGLRKSLPLIELRATFTLDLWELDNLERGKPNVDLSSLEETVRKVAEFEDEVIFRGCEKSGVKGLLSFEERKIECGSTPKDLLEAIVRALSIFSKDGIEGPYTLVINTDRWINFLKEEAGHYPLEKRVEECLRGGKIITTPRIEDALVVSERGGDFKLILGQDLSIGYEDREKDAVRLFITETFTFQVV"
"dbAMP_06697",0.53,-1,-0.53,"MEFLKRSFAPLTEKQWQEIDNRAREIFKTQLYGRKFVDVEGPYGWEYAAHPLGEVEVLSDENEVVKWGLRKSLPLIELRATFTLDLWELDNLERGKPNVDLSSLEETVRKVAEFEDEVIFRGCEKSGVKGLLSFEERKIECGSTPKDLLEAIVRALSIFSKDGIEGPYTLVINTDRWINFLKEEAGHYPLEKRVEECLRGGKIITTPRIEDALVVSERGGDFKLILGQDLSIGYEDREKDAVRLFITETFTFQVV"
"dbAMP_06698",0.53,-1,-0.53,"MEFLKRSFAPLTEKQWQEIDNRAREIFKTQLYGRKFVDVEGPYGWEYAAHPLGEVEVLSDENEVVKWGLRKSLPLIELRATFTLDLWELDNLERGKPNVDLSSLEETVRKVAEFEDEVIFRGCEKSGVKGLLSFEERKIECGSTPKDLLEAIVRALSIFSKDGIEGPYTLVINTDRWVSFLKEEAGHYPLEKRVEECLRGGKIITTPRIEDALVVSERGGDFKLILGQDLSIGYEDREKDAVRLFITETFTFQVV"
"dbAMP_06717",0.63,-1,-0.63,"MEGLFNAIKDTVTAAINNDGAKLGTSIVSIVENGVGLLGKLFGF"
"dbAMP_06735",0.5,-1,-0.5,"MEKETTIIESIQEVSLEELDQIIGAGKNGVFKTISHECHLNTWAFLATCCS"
"dbAMP_06736",0.62,-1,-0.62,"MEKFIELSLKEVTAITGGKYYGNGVHCGKHSCTVDWGTAIGNIGNNAAANWATGGNAGWNK"
"dbAMP_06737",0.62,-1,-0.62,"MEKFIELSLKEVTAITGGKYYGNGVHCGKYSCTVDWGTAIGNIGNNAAANWATGGNAGWNK"
"dbAMP_06738",0.61,-1,-0.61,"MEKFTMLTDAEMEIISGGKYYGNGVSCDDNGCTVDWGKAWNCGVNRWAAAAATGGKGGDIGNC"
"dbAMP_06739",0.54,-1,-0.54,"MEKIANAVKSAIEAGQNQDWTKLGTSILDIVSNGVTELSKIFGF"
"dbAMP_06745",0.57,-1,-0.57,"MEKLNHNAVTSLNEVSDSELDTILGGSRWWQGVLPTVSHECRMNSFQHIFTCC"
"dbAMP_06750",0.53,-1,-0.53,"MEKVLDLDVQVKGNNNTNDSAADERITSHFLCSFGCGKTGSFNSFCC"
"dbAMP_06752",0.54,-1,-0.54,"MEKVLDLDVQVKGNNNTNDSAGDERLTSYSLCSFGCGKTGSFNSFCC"
"dbAMP_06754",0.51,0.283333,0.14449983,"MELKASEFGVVLSVDALKLSRQSPLG"
"dbAMP_06755",0.55,-1,-0.55,"MELKHSISDYTEAEFLEFVKKICRAEGATEEDDNKLVREFERLTEHPDGSDLIYYPRDDREDSPEGIVKEIKEWRAANGKSGFKQGLEHHHHHH"
"dbAMP_06756",0.54,-1,-0.54,"MELKHSISDYTEAEFLQLVTTICDAEATSEEELDKLITHFEEMTEHPSGSDLIYWPKEGDDDSPSGIVNTVKQWRAANGKSGFKQG"
"dbAMP_06757",0.52,-1,-0.52,"MELKNSISDYTEAEFVQLLKEIEKENVAATDDVLDVLLEHFVKITEHPDGTDLIYYPSDNRDDSPEGIVKEIKEWRAANGKPGFKQG"
"dbAMP_06769",0.54,-1,-0.54,"MENKKKLTKADLAKVTGGSRYYGNGVTCGKHKCTVNWGQAWTCGVNRLANFGHGNC"
"dbAMP_06789",0.53,-1,-0.53,"MESKRNKPGKATGKGKPVGDKWLDDAGKDSGAPIPDRIADKLRDKEFKSFDDFRKAVWEEVSKDPELSKNLNPSNKSSVSKGYSPFTPKNQQVGGRKVYELHHDKPISQGGEVYDMDNIRVTTPKRHIDIHRGK"
"dbAMP_06808",0.5,-1,-0.5,"METLTVHAPSPSTNLPSYGNGAFSLSAPHVPGAGPLLVQVVYSFFQSPNMCLQALTQLEDYIKKHGASNPLTLQIISTNIGYFCNADRNLVLHPGISVYDAYHFAKAAPSQYDYRSMNMKQMSGNVTTPIVALAHYLWGNGAERSVNIANIGLKISPMKINQIKDIIKSGVVGTFPVSTKFTHATGDYNVITGAYLGNITLKTEGTLTISANGSWTYNGVVRSYDDKYDFNASTHRGIIGESLTRLGAMFSGKEY"
"dbAMP_06809",0.5,-1,-0.5,"METLTVHAPSPSTNLPSYGNGAFSLSAPHVPGAGPLLVQVVYSFFQSPNMCLQALTQLEDYIKKHGASNPLTLQIISTNIGYFCNADRNLVLHPGISVYDAYHFAKPAPSQYDYRSMNMKQMSGNVTTPIVALAHYLWGNGAERSVNIANIGLKISPMKINQIKDIIKSGVVGTFAVSTKFTHATGDYNVITGAYLGNITLKTEGTLTISANGSWTYNGVVRSYDDKYDFNASTHRGIIGESLTRLGAMFSGKEY"
"dbAMP_06810",0.5,-1,-0.5,"METLTVHAPSPSTNLPSYGNGAFSLSAPHVPGAGPLLVQVVYSFFQSPNMCLQALTQLEDYIKKHGASNPLTLQIISTNIGYFCNADRNLVLHPGISVYDAYHFAKPAPSQYDYRSMNMKQMSGNVTTPIVALAHYLWGNGAERSVNIANIGLKISPMKINQIKDIIKSGVVGTFPVSTKFTHATGDYNVITGAYLGNITLKTEGTLTISANGSWTYNGVVRSYDDKYDFNASTHRGIIGESLTRLGAMFSGKEY"
"dbAMP_06811",0.5,-1,-0.5,"METLTVHAPSPSTNLPSYGNGAFSLSAPHVPGAGPLLVQVVYSFFQSPNMCLQALTQLEDYIKKHGASNPLTLQIISTNIGYFCNADRNLVLHPGISVYDAYHFAKPAPSQYDYRSMNMKQMSGNVTTPIVALAHYLWGNGAERSVNIANIGLKISPMKINQIKDIIKSGVVGTFPVSTKFTHATGDYNVITGAYLGNITLKTEGTLTISANGSWTYNGVVRSYDDKYDFNASTHRGIIGESLTRLGAMFSGKEY"
"dbAMP_06812",0.5,-1,-0.5,"METLTVHAPSPSTNLPSYGNGAFSLSAPHVPGAGPLLVQVVYSFFQSPNMCLQALTQLEDYIKKHGASNPLTLQIISTNIGYFCNADRNLVLHPGISVYDAYHFAKPAPSQYDYRSMNMKQMSGNVTTPIVALAHYLWGNGAERSVNIANIGLKISPMKINQIKDIIKSGVVGTFPVSTKFTHATGDYNVITGAYLGNITLKTEGTLTISANGSWTYNGVVRSYDDKYDFNASTHRGIIGESLTRLGAMFSGKEY"
"dbAMP_06917",0.56,-1,-0.56,"MFILLKEIITVMVGLITDFLSFQLDAYFYIWFLVLFISSLAATLVQRSEGTITYSTAECVGINVLVVVLYLVIGTILARYFASFEDQQIVAGDKIMLYKISFMLTSAVIIVDIILDRLKRGRKFSYSLEFLAGSAVCFLLFQLSNQTDWIGTKLSLSYIVMVAIAAGVYTMAMKFLLEYENHKEK"
"dbAMP_06922",0.49,-1,-0.49,"MFKKVIIGTLATGIMLSGAGGVFAETPTDTGVKLKTIDNKKSFVKKKEKQDFPGYKSKGEIPTVKEWDGVTWYLKGATEVSKNSWTGHYEGWRTSNN"
"dbAMP_07374",0.49,-1,-0.49,"MGAIAKLVAKFGWPFIKKFYKQIMQFIGQGWTIDQIEKWLKRH"
"dbAMP_07375",0.5,-1,-0.5,"MGAIAKLVAKFGWPIVKKYYKQIMQFIGEGWAINKIIDWIKKHI"
"dbAMP_07376",0.5,-1,-0.5,"MGAIAKLVAKFGWPIVKKYYKQIMQFIGEGWAINKIIEWIKKHI"
"dbAMP_07377",0.4,-1,-0.4,"MGAIAKLVAKFGIVVKYYKQIMQFIGQGVTINIPLIF"
"dbAMP_07378",0.49,-1,-0.49,"MGAIAKLVTKFGWPLIKKFYKQIMQFIGQGWTIDQIEKWLKRH"
"dbAMP_07404",0.61,-1,-0.61,"MGKLDDFDLDVKVKADTTKVGPAITSKSLCTPGCITGVLMCITQNSCVSCKSCIKC"
"dbAMP_07419",0.57,-1,-0.57,"MGLKLDLTWFDKSTEDFKGEEYSKDFGDDGSVMESLGVPFKDNVNNGCFDVIAEWVPLLQPYFNHQIDISDNEYFVSFDYRDGDW"
"dbAMP_07516",0.58,-1,-0.58,"MHHHHHHHHKNTPDGKTIVSPEKFPGRSSTNHSIVVSGDPRFAGTIKITTSAVIDNRANLNYLLSHSGLDYKRNILNDRNPVVTEDVEGDKKIYNAEVAEWDKLRQRLLDARN"
"dbAMP_07519",0.54,-1,-0.54,"MHHHHHHSMGKRNKPGKATGKGKPVNNKWLNNAGKDLGSPVPDRIANKLRDKEFKSFDDFRKKFWEEVSKDPELSKQFSRNNNDRMKVGKAPKTRTQDVSGKRTSFELHAEKPISQNGGVYDMDNISVVTPKRHIDIHRGK"
"dbAMP_07523",0.59,-1,-0.59,"MHRFEPTNASETDGVRSAAMSDGATVISVDTDAIREAQNSEIDLDESSSSGTAPTPADIDITGCIACKYAAGKVCTSGCSAADGFTCGLLGITIPVAGLSCLGFVEIVCTVADEYSGCGDAVAKEACNRVGLC"
"dbAMP_07524",0.59,-1,-0.59,"MHRFEPTNASETDGVRSAAMSDGATVISVDTDAIREAQNSEIDLDESSSSGTAPTPADIDITGCIACKYAAGKVCTSGCSAAGGFICGLLGITIPVAGLSCLGFVEIVCTVADEYSGCGDAVAKEACNRVGLC"
"dbAMP_07548",0.49,-1,-0.49,"MILGIVLLSVSTLGITVDAATYYGNGVYCNKQKCWVDWNKASKEIGKIIVNGWVQHGPWAPR"
"dbAMP_07550",0.59,-1,-0.59,"MINEKNLFDLDVQVTTASGDVDPQITSISACTPGCGNTGSFNSFCC"
"dbAMP_07551",0.58,-1,-0.58,"MINEKNLFDLDVQVTTATGDVDPQITRISACTPGCGNTGSFNSFCC"
"dbAMP_07552",0.59,-1,-0.59,"MINRTDCNENSYLEIHNNEGRDTLCFANAGTMPVAIYGVNWVESGNNVVTLQFQRNLSDPRLETITLQKWGSWNPGHIHEILSIRIY"
"dbAMP_07556",0.55,-1,-0.55,"MISMISSHQKTLTDKELALISGGKTYYGTNGVHCTKKSLWGKVRLKNVIPGTLCRKQSLPIKQDLKILLGWATGAFGKTFH"
"dbAMP_07562",0.49,-1,-0.49,"MITISTMLQFGLFLIALIGLVIKLIELSNKK"
"dbAMP_07608",0.57,-1,-0.57,"MKASKEMTKNEMKSVIGGTYYGNGVSCGKTTCTVDWAAAGTCIAQISIGGFLGGAIPGKC"
"dbAMP_07795",0.47,-1,-0.47,"MKDNYELMNTIQEVSLEELDQIIGAGKNGVFKTISHECHMNSWQFLFTCCS"
"dbAMP_07797",0.46,-1,-0.46,"MKDVLVEITDAELDEILGAGDGVMHTLTHECHMNTWQFLLTCC"
"dbAMP_07848",0.5,-1,-0.5,"MKFKKVLTGSALSLALLMSAAPAFAASPTASASAENSPISTKADAGINAIKLVQSPNGNFAASFVLDGTKWIFKSKYYDSSKGYWVGIYESVDK"
"dbAMP_07849",0.5,-1,-0.5,"MKFKKVLTGSALSLALLMSAAPAFAASPTASASMENSPISTKADAGINAIKLVQSPNGNFAASFVLDGTKWIFKSKYYDSSKGYWVGIYESVDK"
"dbAMP_07850",0.51,-1,-0.51,"MKFKKVLTGSALSLALLMSAAPAFAASPTASASVENSPISTKADAGINAIKLVQSPNGNFAASFVLDGTKWIFKSKYYDSSKGYWVGIYESVDK"
"dbAMP_07851",0.51,-1,-0.51,"MKFKKVLTGSALSLALLMSAAPAFAASPTASVENSPISTKADAGINAIKLVQSPNGNFAASFVLDGTKWIFKSKYYDSSKGYWVGIYESVDK"
"dbAMP_07852",0.51,-1,-0.51,"MKFKKVLTGSALSLALLMSAAPAFAASPTASVENSPISTKADAGINAIKLVQSPNGNFAASFVLDGTTWIFKSKYYDSSKGYWVGIYESVDK"
"dbAMP_07853",0.51,-1,-0.51,"MKFKKVLTGSALSLALLMSAAPAFASSPTASSSVENTPISTKADAGINAVKLVQSPDGNFAASFVLNGTTWIFKSKTYDSGRGIWIGVYESVDK"
"dbAMP_07854",0.52,-1,-0.52,"MKFKNVLTGSALSLALLMSAAPAFAASPTASASMENSPISTKADAGINAIKLVQSPNGNFAASFVLDGTKWIFKSKYYDSSKGYWVGIYESVDK"
"dbAMP_07906",0.5,-1,-0.5,"MKHCVILGILGTCLAGIGTGIDVDAATYYGNGLYCNKEKCWVNWGQSWSEGLKRWGDNLFGSFSGGR"
"dbAMP_07911",0.62,-1,-0.62,"MKHLKFCLLKRHNLSMGGTTHSGKYYGNGVYCTKNKCTVDWAKATTCIAGMSIGGFLGGAIPGK"
"dbAMP_07912",0.59,-1,-0.59,"MKHLKILSIKETQLIYGGTTHSGKYYGNGVYCTKNKCTVDWAKATTCIAGMSIGGFLGGAIPGKC"
"dbAMP_07913",0.59,-1,-0.59,"MKHLKILSIKETQLIYGGTTHSGKYYGNGVYCTKNKCTVDWAKATTCIAGMSIGGFLGGAIPR"
"dbAMP_07914",0.58,-1,-0.58,"MKHLKILSIKETQLIYGGTTHSGKYYGNGVYCTKNKCTVDWAKATTCIAGMSIGGFLGGVIPGKC"
"dbAMP_07915",0.58,-1,-0.58,"MKHLKILSIKQTQLIYGGTTHSGKYYGNGVYCTKNKCTVDWAKATTCIAGMSIGGFLGGAIPGKC"
"dbAMP_07937",0.5,-1,-0.5,"MKKAVIVENKGCATCSIGAACLVDGPIPDFEIAGATGLFGLWG"
"dbAMP_07938",0.47,-1,-0.47,"MKKDAIIESIKEVSLEELDQIIGAGNGVFKTISHECHLNTWAFLATCCS"
"dbAMP_07939",0.49,-1,-0.49,"MKKDIELMSTIQEVSLEELDQIIGAGKNGVFKTISHECHMNSWQFLFTCCS"
"dbAMP_07940",0.49,-1,-0.49,"MKKDVVIESIKEVSLEELDQIIGAGNGVFKTISHECHLNTWAFLATCCS"
"dbAMP_07947",0.59,-1,-0.59,"MKKIEKLTEKEMANIIGGKYYGNGLYCGKHSCSVDWGKATTCIINNGAMAWATGGHQGTHKC"
"dbAMP_07948",0.61,-1,-0.61,"MKKIEKLTEKEMANIIGGKYYGNGVTCGKHSCSVDWGKATTCIINNGAMAWATGGHQGNDKC"
"dbAMP_07949",0.6,-1,-0.6,"MKKIEKLTEKEMANIIGGKYYGNGVTCGKHSCSVDWGKATTCIINNGAMAWATGGHQGNHKC"
"dbAMP_07950",0.59,-1,-0.59,"MKKIEKLTEKEMANIIGGKYYGNGVTCGKHSCSVDWGKATTCIINNGAMAWATGGHQGTHKC"
"dbAMP_07952",0.54,-1,-0.54,"MKKKFVKVLVCCSMIGIGFTVLGTNTDAATYYGNGVYCNKQKCWVDWNKASKEIGKIIVNGWVQHGPWAPR"
"dbAMP_07953",0.55,-1,-0.55,"MKKKFVSIFMILGIVLLSVSTLGITVDAATYYGNGVYCNKQECWVDWNKASKEIGKIIVNGWVQHGPWAPR"
"dbAMP_07954",0.54,-1,-0.54,"MKKKFVSIFMILGIVLLSVSTLGITVDAATYYGNGVYCNTQKCWVDWSRARSEIVDRGVKAYVNGFTKVLGGVGGR"
"dbAMP_07958",0.54,-1,-0.54,"MKKKLVKALVICGMIGIGFTALGTNVEAATYYGNGLYCNKQKCWVDWNKASREIGKIIVNGWVQHGPWAPR"
"dbAMP_07959",0.54,-1,-0.54,"MKKKLVKGLVICGMIGIGFTALGTNAEAATYYGNGLYCNKQKCWVDWSKAITIIGNNAVANWATRGHAGWNY"
"dbAMP_07960",0.52,-1,-0.52,"MKKKLVKGLVICGMIGIGFTALGTNAEAATYYGNGVYCNKQKCWVNWGQAWSEGVKRWGDNLFGSFSGGRI"
"dbAMP_07962",0.51,-1,-0.51,"MKKKLVKGLVICGMIGIGFTALGTNVEAATYYGNVVYCNKQKCWVNWGQAWSEGVKRWGDNLFGSFSGGRI"
"dbAMP_07963",0.52,-1,-0.52,"MKKKLVKGSVICSMIGIGFIVIGTNVEAATYYGNGVYCNKQKCWVNWGQAWSKGVKRWGDNLFGSFSGGRI"
"dbAMP_07964",0.53,-1,-0.53,"MKKKLVKVLVICGMIGIGFTALGTNAEAATYYGNGVYCNKQKCWVNWGQAWSEGVKRWGDNLFGSFSGGRI"
"dbAMP_07965",0.54,-1,-0.54,"MKKKVLKHCVILGILGTCLAGIGTGIDVDAATYYRNGLYCNKEKCWVNWGQSWSEGLKRWGDNLFGSFSGGR"
"dbAMP_07966",0.55,-1,-0.55,"MKKKVLKHCVILGILGTCLAGIGTGIKVDAATYYGNGLYCNKEKCWVDWNQAKGEIGKIIVNGWVNHGPWAPRR"
"dbAMP_07968",0.58,-1,-0.58,"MKKLTAKEMSQVVGGKYYGNGVSCNKKGCSVDWGKAIGIIGNNSAANLATGGAAGWKS"
"dbAMP_07969",0.57,-1,-0.57,"MKKLTSKEMAQVVGGKYYGNGLSCNKKGCSVDWGKAIGIIGNNSAANLATGGAAGWKS"
"dbAMP_07970",0.57,-1,-0.57,"MKKLTSKEMAQVVGGKYYGNGVSCNKKGCSVDWGKAIGIIGNNSAANLATGGAAGWKS"
"dbAMP_07974",0.57,-1,-0.57,"MKKNEKLTEKEMANIIGGKYYGNGVTCGKHSCSVDWGKATTCIINNGAMAWATGGHQGNHKC"
"dbAMP_08150",0.55,-1,-0.55,"MKNAKSLTIQEMKSITGGKYYGNGVSCNSHGCSVNWGQAWTCGVNHLANGGHGVC"
"dbAMP_08161",0.56,-1,-0.56,"MKNNNNFFKGMEIIEDQELVSITGGKKWGWLAWVDPAYEFIKGFGKGAIKEGNKDKWKNI"
"dbAMP_08173",0.55,-1,-0.55,"MKNTRSLTIQEIKSITGGKYYGNGVSCNSHGCSVNWGQAWTCGVNHLANGGHGVC"
"dbAMP_08174",0.55,-1,-0.55,"MKNVEKISLVELKKVTGGATYYGNGLYCDSKKCWVEWGITGGCLAQYAIGGWLGGAVPGKC"
"dbAMP_08175",0.55,-1,-0.55,"MKNVEKISLVELKKVTGGATYYGNGLYCNSKKCWVEWGITGGCLAQYAIGGWLGGAVPGKC"
"dbAMP_08196",0.57,-1,-0.57,"MKQVELEALQAINDLTDEELEEIVGAGSGVIKTISHECHMNSWQAIFTCCS"
"dbAMP_08204",0.55,-1,-0.55,"MKRKLFSLALIGMFGLVVTGFGTKVDAATRSYGNGVYCNDDKCWVNWNEANQQIAGIVISGWASGLAGA"
"dbAMP_08227",0.58,-1,-0.58,"MKSVKELNKKEMQQINGGAISYGNGVYCNKEKCWVNKAENKQAITGIVIGGWASSLAGMGH"
"dbAMP_08312",0.47,0.619167,0.29100849,"MKTILRFVAGYDIASHKKKTGGYPWERGKA"
"dbAMP_08330",0.56,-1,-0.56,"MKTMKNSAAREAFKGANHPAGMVSEEELKALVGGNDVNPETTPATTSSWTCITAGVTVSASLCPTTKCTSRC"
"dbAMP_08333",0.57,-1,-0.57,"MKTQAIEKFDVMDVQELAAVEGGKTIYYGNGVYCNKTCWVDWGQTINSIATNSAMNWATQGNAGWHSGGVI"
"dbAMP_08334",0.55,-1,-0.55,"MKTQAIERFEVMNSEVLSTVEGGRTIYYGNGVYCNKTCWVDWGQTINSIATNSAMNWATQGNAGWHSGGVA"
"dbAMP_08351",0.62,-1,-0.62,"MKTVKELSVKEMQLTTGGKYYGNGVSCNKNGCTVDWSKAIGIIGNNAAANSTTGGAAGWNKR"
"dbAMP_08363",0.57,-1,-0.57,"MKVDQMFDLDLRKSYEASELSPQASIIKTTIKVSKAVCKTLTCICTGSCSNCK"
"dbAMP_08405",0.56,-1,-0.56,"MLAKIKAMIKKFPNPYTLAAKLTTYEINWYKQQYGRYPWERPVA"
"dbAMP_08416",0.48,-1,-0.48,"MLKKSMVGVIAALTLAMGSQAMAAEEIQTKGKVELVNSKVSPFAVENVGGGTWDYGTKNSGSQKHCWSHYNHPENYHSSTAKVGSSTDKAYADAGEYSKADAYGPKDKTGYAYWDNEATPPK"
"dbAMP_08466",0.57,-1,-0.57,"MLYELVAYGIAQGTAEKVVSLINAGLTVGSIISILGGVTVGLSGVFTAVKAAIAKQGIKKAIQL"
"dbAMP_08471",0.59,-1,-0.59,"MMKKIEKLTEKEMANIIGGKYYGNGVTCGKHSCSVNWGQAFSCSVSHLANFGHGKC"
"dbAMP_08488",0.55,-1,-0.55,"MMNATENQIFVETVSDQELEMLIGGADRGWIKTLTKDCPNVISSICAGTIITACKNCA"
"dbAMP_08489",0.55,-1,-0.55,"MMNATENQIFVETVSDQELEMLIGGAGRGWIKTLTKDCPNVISSICAGTIITACKNCA"
"dbAMP_08492",0.55,-1,-0.55,"MMNMKPTESYEQLDNSALEQVIGGKNYGNGVHCTKKGCSVDWGYAWTNIANNSVMNGLTGGNAGWHN"
"dbAMP_08510",0.6,-1,-0.6,"MNASNKPSIPPVSADAVEDEDLAEQARPGHGVPSQDPEAAAQYQLSPQDAQRESRSVFIGGGVLAGAAAGAAAGAVIAGPVGVVVGGTVGSVAGALGGAAAGAVAPAESAQKPVEKPVPPGSQSSG"
"dbAMP_08511",0.51,-1,-0.51,"MNASTAVLDSTILDELDKELEAQIIKELEPEMFGLSRLLGNNGRWCTITKECMPSCN"
"dbAMP_08516",0.53,-1,-0.53,"MNDLMRDLAPISAKAWAEIETEARGTLTVTLAARKVVDFKGPLGWDASSVSLGRTEALAEEPKAAGSAAVVTVRKRAVQPLIELCVPFTLKRAELEAIARGASDADLDPVIEAARAIAIAEDRAVFHGFAAGGITGIGEASAEHALDLPADLADFPGVLVRALAVLRDRGVDGPYALVLGRTVYQQLMETTTPGGYPVLQHVRRLFEGPLIWAPGVDGAMLISQRGGDFELTVGRDFSIGYHDHDAQSVHLYLQE"
"dbAMP_08530",0.51,-1,-0.51,"MNFKKVLTGSALSLALLMSAAPAFAASPTASASAENSPISTKADAGINAIKLVQSPNGNFAASFVLDGTKWIFKSKYYDSSKGYWVGIYESVDK"
"dbAMP_08713",0.56,-1,-0.56,"MNFLKNGIAKWMTGAELQAYKKKYGCLPWEKISC"
"dbAMP_08787",0.49,-1,-0.49,"MNKDLNALTNPIDEKELEQILGGGDGVFRTISHECAMNTWMFIFTCCS"
"dbAMP_08788",0.45,-1,-0.45,"MNKDLNALTNPIDEKELEQILGGGDGVFRTISHECHMNTWMFIFTCCS"
"dbAMP_08789",0.54,-1,-0.54,"MNKELNALTNPIDEKELEQILGGGNGVIKTISHECHMNTWQFIFTCCS"
"dbAMP_08801",0.55,-1,-0.55,"MNLKMMEQFEIMDTEMLASKVGGKTIYYGNGLYCDNSKGCWVNWPEAINKILTNSIVNGFSGGNAGWNSGGPL"
"dbAMP_08804",0.44,-1,-0.44,"MNLNGLPASTNVIDLRGKDMGTYIDANGACWAPDTPSIIMYPGGSGPSYSMSSSTSSANSGS"
"dbAMP_08805",0.51,-1,-0.51,"MNNALSFEQQFTDFSTLSDSELESVEGGRNKLAYNMGHYAGKATIFGLAAWALLA"
"dbAMP_08807",0.53,-1,-0.53,"MNNEDFNLDLIKISKENNSGASPRVTSKSLCTPGCKTGILMTCPLKTATCGCHFG"
"dbAMP_08808",0.49,-1,-0.49,"MNNEDFNLDLITISKENNSGASPRITSKSLCTAGCKTGILMTCPLKTATCGCHFG"
"dbAMP_08809",0.49,-1,-0.49,"MNNEDFNLDLVTISKENNSGASPRVTSKSLCTPGCKTGILMTCAIKTATCGCHFG"
"dbAMP_08811",0.53,-1,-0.53,"MNNLHRELAPIASSAWAQIEEEVARTFKRSVAGRRVVDVEGPAGPGLSAVGTGHLRDVTAPREQVSARLREVRNVVELTVPFELSRDAIDSVERGARDADWQPAKDAAQRLAFAEDGAIFDGYLAADIVGIREGTSNRKLILPTDVSAYPDAISDALEALRLAGVDGPYTVVLGSDAYTALSEARDQGYPVLGHIKRIVSGEIVWAPAISGGCVLSTRGGDYELHLGEDVSIGYTSHTDKVVRLYLRETFTFLML"
"dbAMP_08812",0.52,-1,-0.52,"MNNLHRELAPISEAAWAQIEEEASRTLKRYLAARRVVDVPEAKGFGFSAVGTGHVERIDAPGSDIRAVRRNVLPLVELRVPFTLARDAIDDVERGAGDSDWQPLKDAAKKIAFAEDRAVFDGYAAAGILGLREGTSNPKLALPSSASDYPAAIAAALNQLRLAGVNGPYAVVLGAGVYTALSGGDDEGYPVFRHIESLIDGKIVWAPAIEGGFVLSTRGGDFELDIGQDFSIGYSSHSADSVELYLQESFTFQLL"
"dbAMP_08813",0.54,-1,-0.54,"MNNLHRELAPISRAAWSQIEDEVARTFRRSVAGRRVVDVKGPGGTELSGVGTGHQTAIAAPQQGVVAKLSEVKSLVELTVPFELQREAIDSVVRGAKDADWQPAKEAAKQLAYAEDRAIFDGYQAAGIGGIREGSSNPSLALPADVSDYPNAISNALEQLRLAGVDGPYSVLLGADAYTALGEARDQGYPVIEHIKRIVNGDIIWAPALAGGSVLSTRGGDFELHLGEDLSIGYTSHTDTVVRLYLRETLTFLML"
"dbAMP_08814",0.54,-1,-0.54,"MNNLHRELAPISSEAWSQIEEEVARTFKRSVAGRRVVDVKGPGGVDLSGVGTGHQSTIAAPHHGVIAKLSEVKALVQLTVPFELSRDAIDAVERGANDSDWQAAKDAAKELAYAEDRAIFDGYKAAGIVGIREGSSNTSLALPADVADYPNAIGGALQQLRLAGVDGPYSVLLGADAYTALGEASDQGYPVIEHIKRIVNGEIIWAPALEGGSVLSMRGGDYELHLGQDVSIGYQSHTDSTVRLYLRETLTFLML"
"dbAMP_08815",0.54,-1,-0.54,"MNNLHRELAPISSSAWEQIEEEVARTFKRSVAGRRVVDVDGPEGPELSAVGTGHLVEVAAPREQVNARLREVRTIVELTVPFELSRDAIDSVERGARDADWQPAKDAAQRLAFAEDGAIFDGYAAASIVGIREGTSNNKLTLPADVSAYPDAISDALEALRLAGVDGPYSVVLGSDAYTALSEARDQGYPVLGHIKRIVSGEIIWAPAISGGCVLSTRGGDYELHLGEDVSIGYTSHTDKVVRLYLRETFTFLML"
"dbAMP_08817",0.54,-1,-0.54,"MNNLHRELAPITSEAWAAIEEEAGRTFKRHIAGRRVVDVAGPHGVDFSAVGLGRTTGIAAPDEGVQARQRVVAPLVELRVPFTLSREELDNVERGAKDTDLDAVKEAARRIAFAEDRAIFEGYPAAGITGIRAAGSNAPITVPDDARLVPEAITQALTALRLAGVDGPYSVLLSAELYTEVSETSDHGYPIRTHIERLIPDGEIIWAPAIDGAFVLTTRGGDYELTLGQDVSIGYLSHDADTVRLYFQQTMQFLV"
"dbAMP_08819",0.53,-1,-0.53,"MNNLHRELAPVSASAWQQIEEEVARTFKRSVAGRRVVDVEGPAGPALSAVGTGHLCDVAAPRELVSARLREVRTIVELTVPFELSRDAIDSVERGARDADWQPAKDAAQRLAFAEDGAIFDGYAAAGIVGIREGTSNRKLALPADVSAYPDAISDALEALRLAGVDGPYSVVLGSDAYTALSEARDQGYPVLGHIKRIVSGEIIWAPAISGGCVLSTRGGDYELHLGEDVSIGYTSHTDKVVRLYLRETLTFLML"
"dbAMP_08821",0.53,-1,-0.53,"MNNLYRDLAPISAAAWAQIEEEVARTFKRSVAGRRVVDVKDPGGFGLAAVGTGHLRGIAAPQKGVDAKLREVKALVELTVPFELQRDEIDAVERGANDADWQPAKDAATELAYAEDRAIFDGYKAAGIVGIREGSSNSRLELPTDAADYPAAVGRALEQLRLAGVDGPYSVLLGADAYTALSEGSDDGYPTIDHIKRIVSGDIIWAPALNGGCVLSTRGGDFELHLGQDLSIGYQSHTDKVVRLYLRETLTFLML"
"dbAMP_08824",0.54,-1,-0.54,"MNNLYRELAPIPGPAWAEIEEEARRTFKRNIAGRRIVDVAGPTGFETSAVTTGHIRDVQSETSGLQVKQRIVQEYIELRTPFTVTRQAIDDVARGSGDSDWQPVKDAATTIAMAEDRAILHGLDAAGIGGIVPGSSNAAVAIPDAVEDFADAVAQALSVLRTVGVDGPYSLLLSSAEYTKVSESTDHGYPIREHLSRQLGAGEIIWAPALEGALLVSTRGGDYELHLGQDLSIGYYSHDSETVELYLQETFGFLA"
"dbAMP_08826",0.59,-1,-0.59,"MNNMKSADNYQQLDNNALEQVVGGKYYGNGVHCTKSGCSVNWGEAFSAGVHRLANGGNGFW"
"dbAMP_08831",0.57,-1,-0.57,"MNNVKNLFDLDVQVTTASSDVDPQITSVSLCTPGCGDTGSWNSFCC"
"dbAMP_08853",0.59,-1,-0.59,"MNSVKELNVKEMKQLHGGVNYGNGVSCSKTKCSVNWGQAFQERYTAGINSFVSGVASGAGSIGR"
"dbAMP_08860",0.54,-1,-0.54,"MNTKCFEQFDVMTDAKLSTVEGGKTIYYGNGLYCNNKKGCWVNWAETINIIANNSAMNSLTGGNAGWHSGGIA"
"dbAMP_08861",0.54,-1,-0.54,"MNTKIFEKFDFMDNEKLAYIDGGAGSGKMVYQGNGLYCNKVKCWVNWAETWTTIANNSVMNVLTGGNAGWHPGGAL"
"dbAMP_08862",0.55,-1,-0.55,"MNTKIFEKFDFMDNEKLAYIDGGAGSGKMVYQGNGLYCNKVKCWVNWAETWTTIANNSVMNVLTGGNAGWHSGGAL"
"dbAMP_08863",0.57,-1,-0.57,"MNTKIFEKFDFMDNEKLAYIDGGAGSGKTVYQGNGLYCNKVKCWVNWAETWTTIANNSVMNVLTGGNAGWHSGGAL"
"dbAMP_08868",0.55,-1,-0.55,"MNTKTFDQFDVMTDAELSTVEGGKTIYYGNGLYCNANKCWVNWSQTATTIANNSVMNGLTGGNAGWHSGGRA"
"dbAMP_08870",0.53,-1,-0.53,"MNTKTFEQFDVMTDEALSTVEGGKTIYYGNGLYCNANKCWVNWSQTATTIANNSVINGLTGGNAGWHSGGIA"
"dbAMP_08872",0.55,-1,-0.55,"MNTPVFEQFEVMDKEALSIIEGGTYYGNGVTCTKKGCTTDWGTAITTILNNSAMNWATDGKAGWHSGGVI"
"dbAMP_08874",0.54,-1,-0.54,"MNTTLMKQFEIIDADKLAHVEGGKTTYYGNGLYCNTQKCWVNWSEAVNIILNNSVMNGLTGGNAGWHSGGII"
"dbAMP_08931",0.45,0.67,0.3015,"MQFITDLIKKAVDFFKGLFGNK"
"dbAMP_08942",0.58,-1,-0.58,"MQKLAEAIAAAVQAGQDKDWGKMGTSIVGIVENGISVLGKIFGF"
"dbAMP_08943",0.56,-1,-0.56,"MQKLAEAIAAAVSAGQDKDWGKMGTSIVGIVENGITVLGKIFGF"
"dbAMP_08955",0.64,-1,-0.64,"MQNIKALSAKELIEITGGKYYGNGLSCGKYSCSVDWGKAIGIIGNNAAANWATGGAAGWNKG"
"dbAMP_08984",0.52,-1,-0.52,"MQTIKELNTMELQEIIGGENDHRMPYELNRPNNLSKGGAKCAAGILGAGLGAVGGGPGGFISAGISAVLGCM"
"dbAMP_08990",0.5,-1,-0.5,"MQVKGNNNTNDSAGDERITSHLFCSFGCEKTGSFNSFCC"
"dbAMP_09022",0.59,-1,-0.59,"MRHLKILSIKETQLIYGGTTHSGKYYGNGVYCTKNKCTVDWAKATTCIAGMSIGGFLGGAIPGKC"
"dbAMP_09049",0.53,-1,-0.53,"MRIPVTITTMLVGTMVALTSFLPSASATSSPDADRATADTATQLAQTTDSGPHRVSPKTETVSPGTYLIKYSLDSGHRTVKLDLRIGTDYSLSTTQHPSALALKNRSGMTIDTVDLSNLAANRGIVFTSLSWKLVNSREATLTISENQVQSTSDSSNIDARRARAPHKAWYNCMTDAGISGAIAGAVAGCAATIEIGCVEGAIAGIGPSGIASMIAALWTCRSKY"
"dbAMP_09060",0.52,0.586667,0.30506684,"MRKEFHNVLSSGQLLADKRPARDYNRK"
"dbAMP_09064",0.55,-1,-0.55,"MRKKLFSLTLIGKFGLVVTNFGTKVDAATRSYDNGIYCNNSKCWVNWGEAKENIAGIVISGWASGLAGMGH"
"dbAMP_09065",0.55,-1,-0.55,"MRKKLFSLTLIGMFGLVVTNFGTKVDAATRLYGNGVYCNNSKCWVNWGEAKENIAGIVISGWASGLAGMGY"
"dbAMP_09170",0.58,-1,-0.58,"MRQLSEKELKKIMGGKYYGNGVYCGKHKCRVDWGQAWGCSVNRWGAAVGTGGKATIGHC"
"dbAMP_09192",0.68,0.365833,0.24876644,"MRTGNAD"
"dbAMP_09193",0.7,0.46,0.322,"MRTGNAN"
"dbAMP_09280",0.63,-1,-0.63,"MSALAIEKSWKDVDLRDGATSHPAGLGFGELTFEDLREDRTIYAASSGWVCTLTIECGTVICAC"
"dbAMP_09295",0.54,-1,-0.54,"MSDSSNLHRNLAPVTEVAWQQIGEEAARTFKRHVAGRRVVDVAGPFGYSYSAHNLGRVTPIKTSDSRIRAQQRQVNPLVELRFPFTLSRAEVDDVARGSLDSDWQPVKDAAKAVAFAEDQSIFQGFDEAGIRGLGPSSDNPVLSLPEDPLLIPDAVASALSALRLAGVEGPYSVVLDADAYTAVSETRDEGHPVFHHLRDLVAGDIIWAPAISGGYVLSTRGGDNQLTLGTDLSIGYDSHTATDVTLYLEETFTF"
"dbAMP_09309",0.5,-1,-0.5,"MSGGDGRGHNTGAHSTSGNINGGPTGLGVGGGASDGSGWSSENNPWGGGSGSGIHWGGGSGHGNGGGNGNSGGGSGTGGNLSAVAAPVAFGFPALSTPGAGGLAVSISAGALSAAIADIMAALKGPFKFGLWGVALYGVLPSQIAKDDPNMMSKIVTSLPADDITESPVSSLPLDKATVNVNVRVVDDVKDERQNISVVSGVPMSCPVVDAKPTERPGVFTASIPGAPVLNISVNNSTPAVQTLSPGVTNNTDKD"
"dbAMP_09310",0.5,-1,-0.5,"MSGGDGRGHNTGAHSTSGNINGGPTGLGVGGGASDGSGWSSENNPWGGGSGSGIHWGGGSGHGNGGGNGNSGGGSGTGGNLSAVAAPVAFGFPALSTPGAGGLAVSISAGALSAAIADIMAALKGPFKFGLWGVALYGVLPSQIAKDDPNMMSKIVTSLPADDITESPVSSLPLDKATVNVNVRVVDDVKDERQNISVVSGVPMSVPVVDAKPTERPGVFTASIPGAPVLNISVNNSTPAVQTLSPGVTNNTDKD"
"dbAMP_09311",0.5,-1,-0.5,"MSGGDGRGHNTGAHSTSGNINGGPTGLGVGGGASDGSGWSSENNPWGGGSGSGIHWGGGSGHGNGGGNGNSGGGSGTGGNLSAVAAPVAFGFPALSTPGAGGLAVSISAGALSAAIADIMAALKGPFKFGLWGVALYGVLPSQIAKDDPNMMSKIVTSLPADDITESPVSSLPLDKATVNVNVRVVDDVKDERQNISVVSGVPMSVPVVDAKPTERPGVFTASIPGAPVLNISVNNSTPAVQTLSPGVTNNTDKD"
"dbAMP_09312",0.5,-1,-0.5,"MSGGDGRGHNTGAHSTSGNINGGPTGLGVGGGASDGSGWSSENNPWGGGSGSGIHWGGGSGHGNGGGNGNSGGGSGTGGNLSAVAAPVAFGFPALSTPGAGGLAVSISAGALSAAIADIMAALKGPFKFGLWGVALYGVLPSQIAKDDPNMMSKIVTSLPADDITESPVSSLPLDKATVNVNVRVVDDVKDERQNISVVSGVPMSVPVVDAKPTERPGVFTASIPGAPVLNISVNNSTPEVQTLSPGVTNNTDKD"
"dbAMP_09339",0.62,-1,-0.62,"MSKFDDFDLDVVKVSKQDSKITPQWKSESLCTPGCVTGALQTCFLQTLTCNCKISK"
"dbAMP_09345",0.57,-1,-0.57,"MSKKEMILSWKNPMYRTESSYHPAGNILKELQEEEQHSIAGGTITLSTCAILSKPLGNNGYLCTVTKECMPSCN"
"dbAMP_09351",0.57,-1,-0.57,"MSKLVQAISDAVQAGQNQDWAKLGTSIVGIVENGVGILGKLFGF"
"dbAMP_09352",0.58,-1,-0.58,"MSKLVQAISDAVQAQQNQDWAKLGTSIVGIVENGVGILGKLFGF"
"dbAMP_09380",0.56,-1,-0.56,"MSNLKWFSGGDDRRKKAEVIITELLDDLEMDLGNESLRKVLGSYLKKLKNEGTSVPLVLSRMNIEISNAIKKDGVSLNENQSKKLKELMSISNIRYGY"
"dbAMP_09393",0.56,-1,-0.56,"MSQVVGGKYYGNGVSCNKKGCSVDWGKAIGIIGNNSAANLATGGAAGWKS"
"dbAMP_09405",0.57,-1,-0.57,"MSTKDFNLDLVSVSKKDSGASPRITSISLCTPGCKTGALMGCAAATATCHCSIHVSK"
"dbAMP_09406",0.56,-1,-0.56,"MSTKDFNLDLVSVSKKDSGASPRITSISLCTPGCKTGALMGCAAKTATCHCSIHVSK"
"dbAMP_09407",0.57,-1,-0.57,"MSTKDFNLDLVSVSKKDSGASPRITSISLCTPGCKTGALMGCNAITATCHCSIHVSK"
"dbAMP_09408",0.58,-1,-0.58,"MSTKDFNLDLVSVSKKDSGASPRITSISLCTPGCKTGALMGCNMKTATCHCSIHVSK"
"dbAMP_09409",0.57,-1,-0.57,"MSTKDFNLDLVSVSKKDSGASPRITSISLCTPGCKTGALMGCNMKTATCNCSIHVSK"
"dbAMP_09410",0.57,-1,-0.57,"MSTKDFNLDLVSVSKKDSGASPRITSISLCTPGCKTGALMGCNMKTATCNCSVHVSK"
"dbAMP_09411",0.56,-1,-0.56,"MSTKDFNLDLVSVSKKDSGASPRITSISLCTPGCKTGALMGCSAATATCHCSIHVSK"
"dbAMP_09412",0.58,-1,-0.58,"MSTKDFNLDLVSVSKKDSGASPRITSISLCTPGCKTGALMGCSLSTATCHCSIHVSK"
"dbAMP_09416",0.57,-1,-0.57,"MSTKDFNLDLVSVSKKNSGASPRITSISLCTPGCKTGAVMGCNMKTATCNCSIHVSK"
"dbAMP_09417",0.57,-1,-0.57,"MSTKDFNLDLVSVSKKNSGASPRITSVSLCTPGCKTGAVMGCNMKTATCNCSIHVSK"
"dbAMP_09419",0.54,-1,-0.54,"MSTKDFNLQLVSVSKKDSGASPPITSISLCTPGCKTGALMGANMKTATCHCSIHVSK"
"dbAMP_09426",0.57,-1,-0.57,"MSTPKWNLSISRAVICVIALFASMICAAAHFVGGIHTNAGYVGWYHPDYYNHDVIGVGNYHPGYGWVAPVYATPTYIIGNTGYNCQTVQQCDSEGNCIQSQNCD"
"dbAMP_09432",0.56,-1,-0.56,"MSWLNFLKYIAKYGKKAVSAAWKYKGKVLEWLNVGPTLEWVWQKLKKIAGL"
"dbAMP_09436",0.55,-1,-0.55,"MSYKKVITGVALSVGLLVSASPAFAASTSPDKEIVNVASDDFKAQAIKWDLPSTTGIFANTFEKDGIRWYLKGITKVSEGNWIGHYEGVRI"
"dbAMP_09437",0.48,-1,-0.48,"MTADILVEMTDAELDATLGAGNGVFHTISHECYYNSWAFIFTCC"
"dbAMP_09439",0.56,-1,-0.56,"MTASILQQSVVDADFRAALLENPAAFGASAAALPTPVEAQDQASLDFWTKDIAATEAFACRQSCSFGPFTFVCDGNTK"
"dbAMP_09445",0.54,-1,-0.54,"MTEDERSDDKTGIDRRTVLRTVGTAGVLATGTAGVAAAGSQFSRAEETRLLTGEEKRELARELSETEAFRELAQQAREDGNLIRNEADGVTAGYATGEGFTREIVEYELKGLSDAERGSIVVGRDPTTDEIEVASLDYYYETDDGVLDEVHRTESADAAGSEQLETATADSAGGTTVISVDTAAIRRVQDGSTELDESGAGGTANGTVTTQIDVTGCDACKIVAGQVCNVGCGATGGFICGFLGITVPVAGLSCL"
"dbAMP_09447",0.58,-1,-0.58,"MTEIKVLNDKELKNVVGGKYYGNGVHCGKKTCYVDWGQATASIGKIIVNGWTQHGPWAHR"
"dbAMP_09448",0.56,-1,-0.56,"MTEIKVLNGKELKNVVGGKYYGNGVHCGKKTCYVDWGQATASIGKIIVNGWTQHGPWAHR"
"dbAMP_09452",0.49,-1,-0.49,"MTGLAEAIANTVQAAQQHDSVKLGTSIVDIVANGVGLLGKLFGF"
"dbAMP_09454",0.52,-1,-0.52,"MTHANDNEHDSNEQETSGLNRRSFVRRAGAVGTGLALSPVAAGNVVASENISILDGKDERKVANRLAKTAEFDRLEAKAKSRDGTVSRGKSVTVGEVEIAADDAPDGKKIHRYVVEYPVKHPNPNAEAAVVLAEDATSDSLILSVLDYTHKTKDGFTTRIERFDAGAGEQTVSAANNTDGLASTELNLDADATRRAVNNVDTNAVIDEIYDGFTTGSDLTNLAWDLLDDDVDIDGCYACGFAVGLTCSVGCAATG"
"dbAMP_09457",0.49,-1,-0.49,"MTKITIPTALSAKVHGEGQHLFEPMAARCTCTTIISSSSTF"
"dbAMP_09462",0.49,-1,-0.49,"MTKPSIRRCFGVAAATMAALAATVVPASAASSDVSILINRTNCNQNDYFEIHNNNGRDTLCFANAGSMPVAIYGVNWIESGNNVVTFEFQRNLSEPRLETVTLDKWRSWQPGQPSIHRVTWIRIH"
"dbAMP_09466",0.54,-1,-0.54,"MTKTYGVDVAVYQPIDLAAYHKAGASFAIVKLTEGVDYVNRRGPSRWTAPGLTTSTLMPTISRSFGSSVSRAKKEAAYFLKEAKKQDISKKRMLWLDWEAGSGNVVTGSKSSNTAAILDFMDAIKAAGWRPGLYSGASLMRTAIDTKQVVKKYGTCLWVASYPTMAAVSTADFGYFRQWTGSPSGSLPVTAWPGRRRERCSG"
"dbAMP_09477",0.52,-1,-0.52,"MTNFGTKVDAATRSYDNGIYCNNSKCWVNWGEAKENIAGIVISGWASGLAGMGH"
"dbAMP_09487",0.5,-1,-0.5,"MTPLWRIMGTKPHGAYCQNHYECSTGICRKGHCSYSQPINS"
"dbAMP_09495",0.52,-1,-0.52,"MTRANDNEHDSNEQESGLNRRSFVRRAGAVGTGLALSPAAAGNAVAAENISILDGEAEAKVATRLAKSDEFDRLEAKANSRDGTVSRGESVTVGEVEVAADDAPDGEKIHRYVVEYPVKHPNDDAEAAVVLAEDATSDSLILSVLDYTHKTKDGFTTRIERFDAEAGEQTVSAANSSDGLASTELDLDADATRRAVNNVDTNAVIDEIYDGFTTGSDLSNLAWDLLDDDVDVDGCYACGFAVGLTCSVGCAATGA"
"dbAMP_09496",0.52,-1,-0.52,"MTRANDNEHDSNEQETSGLNRRSFVRRAGAVGTGLALSPVAAGNAVAAENISILDGEAEAKVATRLAKSDEFDRLEAKANSRDGTVSRGESVTVGEVEVAADDAPDGEKIHRYVVEYPVKHPNDDAEAAVVLAEDATSDSLILSVLDYTHKTKDGFTTRIERFDAGAGEQTVSAANSSDGLASTELDLDADATRRAVNNVDTNAVIDEIYDGFTTGSDLTNLAWDLLDDDVDVDGCYACGFAVGLTCSVGCAATG"
"dbAMP_09497",0.52,-1,-0.52,"MTRANDNEHDSNEQETSGLNRRSFVRRAGAVGTGLALSPVAAGNAVAAENISILDGEAEAKVATRLAKSDEFDRLEAKANSRDGTVSRGESVTVGEVEVAADDAPDGEKIHRYVVEYPVKHSNDDAEAAVVLAEDATSDSLILSVLDYTHKTKDGFTTRIERFDAGAGEQTVSAANSSDGLASTELDLDADATRRAVNNVDTNAVIDEIYDGFTTGSDLTNLAWDLLDDDVDVDGCYACGFAVGLTCSVGCAATG"
"dbAMP_09502",0.61,-1,-0.61,"MTRSKKLNLREMKNVVGGTYYGNGVSCNKKGCSVDWGKAISIIGNNSAANLATGGAAGWKS"
"dbAMP_09560",0.56,-1,-0.56,"MVALLKSLERRRLMITISTMLQFGLFLIALIGLVIKLIELSNKK"
"dbAMP_09574",0.52,-1,-0.52,"MVKKNDLFVDVSSHNGYDITGILEQMGTTNTIIKISESTTYLNPCLSAQVEQSNPIGFYHFARFGGDVAEAEREAQFFLDNVPMQVKYLVLDYEDDPSGDAQANTNACLRFMQMIADAGYKPIYYSYKPFTHDNVDYQQILAQFPNSLWIAGYGLNDGTANFEYFPSMDGIRWWQYSSNPFDKNIVLLDDEEDDKPKTAGTWKQDSKGWWFRRNNGSFPYNKWEKIGGVWYYFDSKGYCLTSEWLKDNEKWYYLK"
"dbAMP_09657",0.57,-1,-0.57,"NANSNFEGGPRNDRSSGARNSLGRNAPTHIYSDPSTVKCANAVFSGMIGGAIKGGPIGMARGTIGGAVVGQCLSDHGSGNGSGNRGSSSSCSGNNVGGTCNR"
"dbAMP_09696",0.47,0.659167,0.30980849,"NGVYCTKNKCTVDWAKATTCIAGMSIGGF"
"dbAMP_09707",0.41,0.796667,0.32663347,"NILNTIINLAKKIL"
"dbAMP_09713",0.57,0.478333,0.27264981,"NIPQLTPTP"
"dbAMP_09716",0.48,-1,-0.48,"NIYWIADQFGIHLATGTARKLLDAVASGASLGTAFAAILGVTLPAWALAAAGALGATAA"
"dbAMP_09718",0.46,-1,-0.46,"NKGCAICSIGAACLVDGPIPDFEIAGATGLFGLWG"
"dbAMP_09719",0.51,-1,-0.51,"NKGCATCSIGAACLVDGPIPDFEIAGATGLFGLWG"
"dbAMP_09720",0.53,-1,-0.53,"NKGCATCSIGAACLVDGPIPDFEIAGATGLGLWG"
"dbAMP_09722",0.49,0.739167,0.36219183,"NKLAYNMGHYAGKATIFGLAAWALLA"
"dbAMP_09779",0.48,0.660833,0.31719984,"NPKVAHCASQIGRSTAWGAVSGA"
"dbAMP_09808",0.54,0.480833,0.25964982,"NRWCFAGDD"
"dbAMP_09809",0.49,-1,-0.49,"NRWGDTVLSAASGAGTGIKACKSFGPWGMAICGVGGAAIGGYFGYTHN"
"dbAMP_09810",0.49,-1,-0.49,"NRWTNAYSAALGCAVPGVKYGKKLGGVWGAVIGGVGGAAVCGLAGYVRKG"
"dbAMP_09811",0.47,0.700833,0.32939151,"NRWWQGVVPTVSYECRMNSWQHVFTCC"
"dbAMP_09812",0.57,-1,-0.57,"NRWYCNSAAGGVGGAAGCVLAGYVGEAKENIAGEVRKGWGMAGGFTHNKACKSFPGSGWASG"
"dbAMP_09813",0.57,-1,-0.57,"NRWYCNSAAGGVGGAAVCGLAGYVGEAKENIAGEVRKGWGMAGGFTHNKACKSFPGSGWASG"
"dbAMP_09814",0.29,0.445,0.12905,"NSHAIYP"
"dbAMP_09872",0.49,-1,-0.49,"PDFMIAASDADAVVRGEFTPVLGELHLGVNSLDYAYFARLHPHRDDLLREVDLDFPRPRLLVMAPMEAGANLVPRTQRALVRPQDHLVALTSRVPFPTRGRPLNGADLTVAEQPDGWEIRVPGGERFDLMEIFAQPLKTALMARVSFFRDEHLPRISFGRLVVVREQWRIAADELAFAAVRDTRDRYVHARRWWRRRDLPTRVFVKSPLERKPFHVDADSPALVELLCAAVRR"
"dbAMP_09899",0.4,0.419167,0.1676668,"PEVFLM"
"dbAMP_09904",0.58,0.829167,0.48091686,"PFKLSLHL"
"dbAMP_09960",0.54,-1,-0.54,"PNWTKIGKCAGSIAWAIGSGLFGGAKLIKIKKYIAELGGLQKAAKLLVGATTWEEKLHAGGYALINLAAELTGVAGIQAN"
"dbAMP_09961",0.55,-1,-0.55,"PNWTKIGKCAGSIAWAIGSGLFGGAKLIKIKKYIAELGGLQKAAKLLVGATTWEEKLHAGGYALINLAAELTGVAGIQANCF"
"dbAMP_10004",0.38,0.748333,0.28436654,"PSCVCSGFETSGIHFC"
"dbAMP_10023",0.54,0.815833,0.44054982,"PWWPWRRK"
"dbAMP_10113",0.53,-1,-0.53,"QINWGSVVGHCIGGAIIGGAFSGGAAAGVGCLVGSGKAIINGL"
"dbAMP_10149",0.6,0.548333,0.3289998,"QKLCQR"
"dbAMP_10169",0.62,-1,-0.62,"QLKKCWNNYVQGHCRKICRVNEVPEALCENGRYCCLNIKELEAC"
"dbAMP_10192",0.56,-1,-0.56,"QNNICKTTSKHFKGLCFADSKCRKVCIQEDKFEDGHCSKLQRKCLCTKNC"
"dbAMP_10226",0.4,0.259167,0.1036668,"QQDYGTGWFDF"
"dbAMP_10278",0.37,0.399167,0.14769179,"QTLLQELPIPP"
"dbAMP_10343",0.55,-1,-0.55,"RARAPHKAWYNCMTDAGISGAIAGAVAGCAATIEIGCVEGAIAGIGPSGIASMIAALWTCRSKY"
"dbAMP_10352",0.54,0.793333,0.42839982,"RCICLLGIC"
"dbAMP_10364",0.64,0.761667,0.48746688,"RCTCTTIISSSSTF"
"dbAMP_10368",0.47,0.886667,0.41673349,"RCVCRRGVCRCVCTRGFC"
"dbAMP_10398",0.52,-1,-0.52,"REYRFHNQLATTEKPEILPRIVSDGIVWARRRWRIRPTDVPRPETGERDVEYLLRLEGWRTQLGLPAEIYVAQVTPTAMGLRRKKPQWVHFEHPYSLWAAFTHLDPH"
"dbAMP_10399",0.52,-1,-0.52,"RFAHDPMAGGHRMWQMAGLKAQRAQTDVNNKQAAFDAAAKEKADADAALSTAMESRKKKEDNKRDAEGKLNDELAKNKGKIPGLKIDQKIRGQMPERGWTEDDIKNTVSNGATGTSFDKRSPKKTPPDYLGRNDPATVYGSPGKYVVVNDRTGEVTQISDKTDPGWVDDSRIQWGNKNDQ"
"dbAMP_10405",0.44,0.735833,0.32376652,"RFIYMKGFGKPRFGKR"
"dbAMP_10428",0.45,0.835,0.37575,"RGGKIAGKIAKIAGKIAKIAGKIA"
"dbAMP_10468",0.6,0.884167,0.5305002,"RICRIIFLRVCR"
"dbAMP_10481",0.47,0.811667,0.38148349,"RIGVLLARLPKLFSLFKLMGKKV"
"dbAMP_10600",0.47,0.628333,0.29531651,"RNKLAYNMGHYAGKATIFGLAAWALLA"
"dbAMP_10602",0.51,-1,-0.51,"RNNWQTNVGGAVGSAMIGATVGGTICGPACAVAGAHYLPILWTAVTAATGGFGKIRK"
"dbAMP_10603",0.54,0.361667,0.19530018,"RNNWQTNVGGAVGAMIGATVGGTI"
"dbAMP_10637",0.44,0.315,0.1386,"RQGPFERP"
"dbAMP_10657",0.48,-1,-0.48,"RRCICTTRTCRFPYRRLGTCLFQNRVYTFCC"
"dbAMP_10736",0.47,-1,-0.47,"RRSRKNGIGYAIGYAFGAVERAVLGGSRDYNK"
"dbAMP_10840",0.55,-1,-0.55,"RVRSNAELDAGQFTKRNSEGWIKAAGNRNVNNDKDRKTNALWIQGAGDLSADFYHYERIGQHHFLGLHVANGGAQGWFEFRNDGHAYTNGAWNSSSDARMKTQVEKIDNALEKLDCISGYTYLKQGVTEAGVIAQELEEVLPQAVSKTELTLNDGSVLKDARSININGVVALLIEALKEERQARLALENRLADLEARSGQETE"
"dbAMP_10907",0.51,-1,-0.51,"SAQFASVTIRNAQTGRLLDSNYNGNVYTLPANGGNYQRWTGPGDGTVRNAQTGRCLDSNYDGAVYTLPCNGGSYQKWLFYSNGYIQNVETGRVLDSNYNGNVYTLPANGGNYQKWYTG"
"dbAMP_10908",0.5,-1,-0.5,"SASIVKTTIKASKKLCRGFTLTCGCHFTGKK"
"dbAMP_10909",0.54,-1,-0.54,"SASVLKTSIKVSKKYCKGVTLTCGCNITGGK"
"dbAMP_10914",0.48,0.694167,0.33320016,"SCNCVCGFCCSCSP"
"dbAMP_10915",0.47,0.673333,0.31646651,"SCNCVCGFCCCSP"
"dbAMP_10916",0.42,0.709167,0.29785014,"SCNCVCGFCC"
"dbAMP_10918",0.49,0.660833,0.32380817,"SCNCVCGVCCSCSP"
"dbAMP_10923",0.56,0.785,0.4396,"SCTTCVCTCSCCTT"
"dbAMP_10924",0.59,0.7625,0.449875,"SCTTCCCCCS"
"dbAMP_10927",0.43,-1,-0.43,"SDCNINSNTAADVILCFNQVGSCALCSPTLVGGPVP"
"dbAMP_11011",0.47,-1,-0.47,"SGRGKTGGKARAKAKTRSSRAGLQFPVGRVHRLLRKGNYAHRVGAGAPVYL"
"dbAMP_11019",0.55,0.651667,0.35841685,"SGTPEKERESGRLLGVVKRYIVCVRNPCP"
"dbAMP_11022",0.51,0.7725,0.393975,"SGTSEKERESGRLLGVVKRLIVGFRSPFR"
"dbAMP_11077",0.45,-1,-0.45,"SIWGDIGQGVGKAAYWVGKAMGNMSDVNQASRINRKKKH"
"dbAMP_11090",0.53,-1,-0.53,"SKRNKPGKATGKGKPVNNKWLNNAGKDLGSPVPDRIANKLRDKEFKSFQDFRKKFWEEVSKDPELSKQFSRNNNDRMKVGKAPKTRTQDVSGKRTSFELHHEKPISQNGGVYDMDNISVVTPKRHIDIHRGK"
"dbAMP_11116",0.53,0.703333,0.37276649,"SLGPAIKATRQVCPKATRFVTVSCKKSDCQ"
"dbAMP_11147",0.53,-1,-0.53,"SLQYVMSAGPYTWYKDTRTGKTICKQTIDTASYTFGVMAEGWGKTFH"
"dbAMP_11182",0.43,-1,-0.43,"SNDSLWYGVGQFMGKQANCITNHPVKHMIIPGYCLSKILG"
"dbAMP_11183",0.43,-1,-0.43,"SNDSLWYGVGQFMGKQANCITNHPVKHMIIPGYCSKILG"
"dbAMP_11205",0.44,0.485833,0.21376652,"SPPSEQLGKSFNF"
"dbAMP_11245",0.39,0.783333,0.30549987,"SSGWVCTLTIECGTVICAC"
"dbAMP_11247",0.58,-1,-0.58,"SSLLEKGLDGAKKAVGGLGKLGKDAVEDLESVGKGAVHDVKDVLDSVL"
"dbAMP_11254",0.46,0.775,0.3565,"SSSGWLCTLTIECGTIICACR"
"dbAMP_11268",0.38,0.793333,0.30146654,"STIVCVSLRICNWSLRFCPSFKVRCPM"
"dbAMP_11270",0.61,0.674167,0.41124187,"STNCFCYPCCSCSS"
"dbAMP_11273",0.48,-1,-0.48,"STPVLASVAVSMELLPTASVLYSDVAGCFKYSAKHHC"
"dbAMP_11278",0.52,0.45,0.234,"SVAGRAQGM"
"dbAMP_11280",0.52,-1,-0.52,"SVIGCEICEWLVATAEGFVNKTKPQIEQELLQICAKLGPYEQICDQLVLMELPDIIDQIIAKEPPAIVCSQVKICNGSAMAVAA"
"dbAMP_11301",0.38,0.485833,0.18461654,"SVSNIPESIGF"
"dbAMP_11366",0.44,-1,-0.44,"TAGPAIRASVKQCQKTLKATRLFTVSCKGKNGCK"
"dbAMP_11367",0.54,-1,-0.54,"TALGTNVEAATYYGNGVYCNKQKCWVNWGQAWSEGVKRWGDNLFGSFSGGRI"
"dbAMP_11425",0.54,-1,-0.54,"TINRTDCNENSYLEIHNNEGRDTLCFANAGTMPVAIYGVNWVESGNNVVTLQFQRNLSDPRLETITLQKWGSWNPGHIHEILSIRIY"
"dbAMP_11432",0.43,-1,-0.43,"TITLSTCAILSKPLGNNGYLCTVTKECMPSCN"
"dbAMP_11451",0.56,-1,-0.56,"TKYYGNGVYCNSKKCWVDWGQAAGGIGQTVVGWLGGAIPGK"
"dbAMP_11452",0.53,-1,-0.53,"TKYYGNGVYCNSKKCWVDWGQASGCIGQTVVGGWLGGAIPGKC"
"dbAMP_11453",0.57,-1,-0.57,"TKYYGNGVYCNSKKCWVDWGTAQGCIDVVIGQLGGGIPGKGKC"
"dbAMP_11525",0.5,-1,-0.5,"TNWKKIGKCYAGTLGSAVLGFGAMGPVGYWAGAGVGYASFC"
"dbAMP_11526",0.52,0.5375,0.2795,"TNWYGSGW"
"dbAMP_11527",0.42,-1,-0.42,"TNYGNGVGVPDAIMAGIIKLIFIFNIRQGYNFGKKAT"
"dbAMP_11528",0.41,0.783333,0.32116653,"TPALAVVTTVLPAAAVTTAKSV"
"dbAMP_11529",0.45,0.65,0.2925,"TPATPTVAQFVIQGSTICLVC"
"dbAMP_11530",0.44,-1,-0.44,"TPATTSSWTCITAGVTVSASLCPTTKCTSRC"
"dbAMP_11535",0.62,0.78,0.4836,"TPFKLSLHL"
"dbAMP_11536",0.45,0.614167,0.27637515,"TPGGIDFISGGPHVAQDVLNAIKNFFK"
"dbAMP_11541",0.51,0.4325,0.220575,"TPVVNPPFLQQT"
"dbAMP_11563",0.57,-1,-0.57,"TSYGNGVHCNKSKCWIDVSELETYKAGTVSNPKDILW"
"dbAMP_11564",0.55,-1,-0.55,"TSYGNGVHCNKSKCWIDVSELETYKAGTVSNPKDILWSLKE"
"dbAMP_11568",0.58,-1,-0.58,"TTHSGKYYGNGVYCTKNKCTVDWAKATTCIAGMSIGGFLGGAIPGKC"
"dbAMP_11573",0.54,-1,-0.54,"TTKNYGNGVCNSVNWCQCGNVWASCNLATGCAAWLCKLA"
"dbAMP_11574",0.48,-1,-0.48,"TTLTLHNLCPYPVWWLVTPNNGGFPIIDNTPVVLG"
"dbAMP_11575",0.43,0.859167,0.36944181,"TTPACFTIGLGVGALFSAKFC"
"dbAMP_11576",0.47,0.725833,0.34114151,"TTPATPAISILSAYISTNTCPTTKCTRAC"
"dbAMP_11577",0.5,-1,-0.5,"TTPATTSSWTCITAGVTVSASLCPTTKCTSRC"
"dbAMP_11580",0.43,0.850833,0.36585819,"TTPLCVGVIIGITASIKICK"
"dbAMP_11581",0.44,0.864167,0.38023348,"TTPLCVGVIIGLTTSIKICK"
"dbAMP_11598",0.61,0.614167,0.37464187,"TVDWAKATTCIAGMSIGGFLGGAFPGK"
"dbAMP_11637",0.47,-1,-0.47,"TYYGNGLYCNKEKCWVDWNQAKGEIGKIIVNGWVNH"
"dbAMP_11642",0.54,-1,-0.54,"VAEKAKDERELLEKTSELIAGMGDKIGEHLGDKYKAIAKDIADNIKNFQGKTIRSFDDAMASLNKITANPAMKINKADRDALVNAWKHVDAQDMANKLGNLSKAFKVADVVMKVEKVREKSIEGYETGNWGPLMLEVESWVLSGIASSVALGIFSATLGAYALSLGVPAIAVGIAGILLAAVVGALIDDKFADALNNEIIRPAH"
"dbAMP_11643",0.44,-1,-0.44,"VAGALGVQTAAATTIVNVILNAGTLVTVLGIIASIASGGAGTLMTIGWATFKATVQKLAKQSMARAIAY"
"dbAMP_11659",0.43,0.3375,0.145125,"VAPFPEQFL"
"dbAMP_11692",0.54,0.6275,0.33885,"VDKPPYLPRPPPPRRIYNNR"
"dbAMP_11736",0.53,0.880833,0.46684149,"VGALAVVVWLFLWLW"
"dbAMP_11739",0.53,0.890833,0.47214149,"VGALAVVVWLWLWLW"
"dbAMP_11741",0.37,0.81,0.2997,"VGALAVVVWLYLWLW"
"dbAMP_11749",0.46,-1,-0.46,"VGIGGGGGGGGGGSCGGQGGGCGGCSNGCSGGNGGSGGSGSH"
"dbAMP_11750",0.44,-1,-0.44,"VGIGGGGGGGGGGSCGGQGGGCGGCSNGCSGGNGGSGGSGSHI"
"dbAMP_11751",0.47,0.690833,0.32469151,"VGIGTPIFSYGGGAGHVPEYF"
"dbAMP_11763",0.48,0.850833,0.40839984,"VGSRYLCTPGSCWKLVCFTTTVK"
"dbAMP_11832",0.55,0.719167,0.39554185,"VLPIIGNLLNSLL"
"dbAMP_11839",0.43,-1,-0.43,"VLSIVACSSGCGSGKTAASCVETCGNRCFTNVGSLC"
"dbAMP_11840",0.51,0.779167,0.39737517,"VLSKSLCTPGCITGPLQTCYLCFPTFAKC"
"dbAMP_11852",0.53,-1,-0.53,"VNPSYRLDPESRPQCEAHCGQLGMRLGAIVIMGTATGCVCEPKEAATPESR"
"dbAMP_11854",0.46,-1,-0.46,"VNVLGGIEYSINNATLCSVGFSVRVFNYAEGAVRGLTQGNACMGRGDSGGSWFTLFERQYGL"
"dbAMP_11858",0.51,-1,-0.51,"VNYGNGVSCSKTKCSVNWGIITHQAFRVTSGVASG"
"dbAMP_11859",0.5,-1,-0.5,"VNYGNGVSCSKTKCSVNWGQAFQERYTAGINSFVSGVASGAGSIGRRP"
"dbAMP_11880",0.58,-1,-0.58,"VPTHSGKYYGNGVYCTKNKCTVDWAQGNYCIAGMSIGGFLGGAIPGKVQ"
"dbAMP_11894",0.53,0.471667,0.24998351,"VRPYLVAF"
"dbAMP_11948",0.5,-1,-0.5,"VTSKSLCTPGCITGVLMCLTQNSCVSCNSCIRC"
"dbAMP_11949",0.48,0.636667,0.30560016,"VTSWSLCTPGCTSPGGGSNCSFCC"
"dbAMP_11950",0.49,0.6125,0.300125,"VTTSIPCTVMVSAAVCPTLVCSNKCGGRG"
"dbAMP_11986",0.44,0.940833,0.41396652,"VWPLGLVICKALKIC"
"dbAMP_11989",0.33,0.718333,0.23704989,"VLFPPFLV"
"dbAMP_11990",0.4,0.718333,0.2873332,"VLPFFPLV"
"dbAMP_11991",0.39,0.718333,0.28014987,"VLPFPFLV"
"dbAMP_11995",0.5,0.328333,0.1641665,"VYPFPGPIMANLVLTLSHLHRSTVFS"
"dbAMP_12012",0.48,-1,-0.48,"WFYQGMNIAIYANIGGVANIIGYTEAAVATLLGAVVAVAPVVP"
"dbAMP_12037",0.47,-1,-0.47,"WKSESLCTPGCVTGALQTCFLQTLTCNCKISK"
"dbAMP_12038",0.44,-1,-0.44,"WKSESVCTPGCVTGLLQTCFLQTITCNCKISK"
"dbAMP_12039",0.46,-1,-0.46,"WKSESVCTPGCVTGVLQTCFLQTITCNCHISK"
"dbAMP_12130",0.48,0.8825,0.4236,"AAIVKAAIKAAKKLCRGFALACGCHFAGKK"
"dbAMP_12132",0.47,0.8725,0.410075,"ASIVKTTIKAAKKLCRGFTLTCGCHFTGKK"
"dbAMP_12138",0.48,-1,-0.48,"GLGLWGNKGCATCSIGAACLVDGPIPDIAGA"
"dbAMP_12139",0.51,-1,-0.51,"INRTDCNENSYLEIHNNEGRDTLCFANAGTMPVAIYGVNWVESGNNVVTLQFQRNLSDPRLETITLQKWGSWNPGHIHEILSIRI"
"dbAMP_12140",0.5,-1,-0.5,"ITLSTCAILAKPLGNNGYLCTVTKECMPSCN"
"dbAMP_12148",0.33,0.3925,0.129525,"NVVFLNPPQW"
"dbAMP_12149",0.48,-1,-0.48,"NYGNGVSCSKTKCSVNWGQAFQERYTAGINSF"
"dbAMP_12155",0.45,0.593333,0.26699985,"TPATPFTPAITEITAAVIA"
"dbAMP_12156",0.42,-1,-0.42,"TPATTASWTCITAGVTVAASLCPTTKCTSRC"
"dbAMP_12159",0.52,0.463333,0.24093316,"KEIHIFHDN"
"dbAMP_12160",0.5,0.504167,0.2520835,"KEIWIFHDN"
"dbAMP_12179",0.49,-1,-0.49,"YDNGIYCNNSKCWVNWGEAKENIAGIVISGWASGLAGMGH"
"dbAMP_12251",0.54,-1,-0.54,"YPYNSTSNVKRIPVSVHFTASQCREIASRGASISEWTTWTSLIAGFGKGTAFLGALTALYGYGVSKNLSVFLTAANRGTGLTISYTYVIPPYTNIGSFENTRISYY"
"dbAMP_12252",0.59,0.311667,0.18388353,"YQALIRMIYKNI"
"dbAMP_12283",0.63,-1,-0.63,"YSGKDCLKDMGGYALAGAGSGALWGAPAGGVGALPGAFVGAHVGAIAGGFACMGGMIGNKFN"
"dbAMP_12284",0.61,0.654167,0.39904187,"YSKSLPLSVLNP"
"dbAMP_12286",0.55,0.649167,0.35704185,"YSLQMGATAIKQVKKLFKKKGG"
"dbAMP_12287",0.51,0.7825,0.399075,"YSLQMGATAIKQVKKLFKKWGW"
"dbAMP_12293",0.6,-1,-0.6,"YSSKDCLKDIGKGIGAGTVAGAAGGGLAAGLGAIPGAFVGAHFGVIGG"
"dbAMP_12294",0.55,-1,-0.55,"YSSKDCLKDIGKGIGAGTVAGAAGGGLAAGLGAIPGAFVGAHFGVIGGSAACIGGLLGN"
"dbAMP_12297",0.69,-1,-0.69,"YTAKQCLQAIGSCGIAGTGAGAAGGPAGAFVGAVVI"
"dbAMP_12342",0.6,-1,-0.6,"YVPKIPKPQPNKPNFPSFPGHGPFNPHASRFPRSPKDNGKIVFDAKKEGGKTQWNVETQQKVWGNKHGSIHVSAGAGKQPGGKPQGQVGIGGSFSWGK"
"dbAMP_12349",0.54,-1,-0.54,"YYGNGLYCNKEKCWVDWNQAKGEIGKIIVNGWV"
"dbAMP_12350",0.53,-1,-0.53,"YYGNGVTCGKHSCSVDWGKATTCIINNGAMAWATG"
"dbAMP_12351",0.55,-1,-0.55,"YYGNGVYCTKNKCTVDWAKATTCIAGMSIGGFLGG"
"dbAMP_12356",0.51,-1,-0.51,"NKGCSACAIGAACLADGPIPDFEVAGITGTFGIAS"
"dbAMP_12361",0.46,0.809167,0.37221682,"ASVVNKLTGGVAGLLK"
"dbAMP_12362",0.49,0.715833,0.35075817,"SGSLSTFFRLFNRGGGWGHFFKKAAHVGKL"