"0","id","sequence","sequence_space"
0,"00028","CLGIGSCNDFAGCGYAVVCFW","C L G I G S C N D F A G C G Y A V V C F W"
1,"00035","KSSAYSLQMGATAIKQVKKLFKKWGW","K S S A Y S L Q M G A T A I K Q V K K L F K K W G W"
2,"00145","VNYGNGVSCSKTKCSVNWGQAFQERYTAGINSFVSGVASGAGSIGRRP","V N Y G N G V S C S K T K C S V N W G Q A F Q E R Y T A G I N S F V S G V A S G A G S I G R R P"
3,"00199","KYYGNGVHCTKSGCSVNWGEAFSAGVHRLANGGNGFW","K Y Y G N G V H C T K S G C S V N W G E A F S A G V H R L A N G G N G F W"
4,"00204","ITSISLCTPGCKTGALMGCNMKTATCNCSIHVSK","I T S I S L C T P G C K T G A L M G C N M K T A T C N C S I H V S K"
5,"00205","ITSISLCTPGCKTGALMGCNMKTATCHCSIHVSK","I T S I S L C T P G C K T G A L M G C N M K T A T C H C S I H V S K"
6,"00206","WKSESLCTPGCVTGALQTCFLQTLTCNCKISK","W K S E S L C T P G C V T G A L Q T C F L Q T L T C N C K I S K"
7,"00207","TAGPAIRASVKQCQKTLKATRLFTVSCKGKNGCK","T A G P A I R A S V K Q C Q K T L K A T R L F T V S C K G K N G C K"
8,"00480","GGAGHVPEYFVGIGTPISFYG","G G A G H V P E Y F V G I G T P I S F Y G"
9,"00499","VGALAVVVWLWLWLW","V G A L A V V V W L W L W L W"
10,"00529","WKSESVCTPGCVTGVLQTCFLQTITCNCHISK","W K S E S V C T P G C V T G V L Q T C F L Q T I T C N C H I S K"
11,"00530","VLSKSLCTPGCITGPLQTCYLCFPTFAKC","V L S K S L C T P G C I T G P L Q T C Y L C F P T F A K C"
12,"00590","CLGIGSCNDFAGCGYAIVCFW","C L G I G S C N D F A G C G Y A I V C F W"
13,"00594","EGTWQHGYGVSSAYSNYHHGSKTHSATVVNNNTGRQGKDTQRAGVWAKATVGRNLTEKASFYYNFW","E G T W Q H G Y G V S S A Y S N Y H H G S K T H S A T V V N N N T G R Q G K D T Q R A G V W A K A T V G R N L T E K A S F Y Y N F W"
14,"00631","KYYGNGVSCNKKGCSVDWGKAIGIIGNNSAANLATGGAAGWSK","K Y Y G N G V S C N K K G C S V D W G K A I G I I G N N S A A N L A T G G A A G W S K"
15,"00632","KYYGNGVSCNKNGCTVDWSKAIGIIGNNAAANLTTGGAAGWNKG","K Y Y G N G V S C N K N G C T V D W S K A I G I I G N N A A A N L T T G G A A G W N K G"
16,"00633","KYYGNGVHCGKHSCTVDWGTAIGNIGNNAAANWATGGNAGWNK","K Y Y G N G V H C G K H S C T V D W G T A I G N I G N N A A A N W A T G G N A G W N K"
17,"00634","KYYGNGVTCGKHSCSVDWGKATTCIINNGAMAWATGGHQGNHKC","K Y Y G N G V T C G K H S C S V D W G K A T T C I I N N G A M A W A T G G H Q G N H K C"
18,"00635","KYYGNGVHCTKSGCSVNWGEAASAGIHRLANGGNGFW","K Y Y G N G V H C T K S G C S V N W G E A A S A G I H R L A N G G N G F W"
19,"00636","AISYGNGVYCNKEKCWVNKAENKQAITGIVIGGWASSLAGMGH","A I S Y G N G V Y C N K E K C W V N K A E N K Q A I T G I V I G G W A S S L A G M G H"
20,"00637","ARSYGNGVYCNNKKCWVNRGEATQSIIGGMISGWASGLAGM","A R S Y G N G V Y C N N K K C W V N R G E A T Q S I I G G M I S G W A S G L A G M"
21,"00673","VGSRYLCTPGSCWKLVCFTTTVK","V G S R Y L C T P G S C W K L V C F T T T V K"
22,"00674","ITSVSWCTPGCTSEGGGSGCSHCC","I T S V S W C T P G C T S E G G G S G C S H C C"
23,"00726","NVGVLNPPPLV","N V G V L N P P P L V"
24,"00766","IYWIADQFGIHLATGTARKLLDAMASGASLGTAFAAILGVTLPAWALAAAGALGATAA","I Y W I A D Q F G I H L A T G T A R K L L D A M A S G A S L G T A F A A I L G V T L P A W A L A A A G A L G A T A A"
25,"00767","VAGALGVQTAAATTIVNVILNAGTLVTVLGIIASIASGGAGTLMTIGWATFKATVQKLAKQSMARAIAY","V A G A L G V Q T A A A T T I V N V I L N A G T L V T V L G I I A S I A S G G A G T L M T I G W A T F K A T V Q K L A K Q S M A R A I A Y"
26,"00768","PNWTKIGKCAGSIAWAIGSGLFGGAKLIKIKKYIAELGGLQKAAKLLVGATTWEEKLHAGGYALINLAAELTGVAGIQANCF","P N W T K I G K C A G S I A W A I G S G L F G G A K L I K I K K Y I A E L G G L Q K A A K L L V G A T T W E E K L H A G G Y A L I N L A A E L T G V A G I Q A N C F"
27,"00807","NRWYCNSAAGGVGGAAGCVLAGYVGEAKENIAGEVRKGWGMAGGFTHNKACKSFPGSGWASG","N R W Y C N S A A G G V G G A A G C V L A G Y V G E A K E N I A G E V R K G W G M A G G F T H N K A C K S F P G S G W A S G"
28,"00841","TTHSGKYYGNGVYCTKNKCTVDWAKATTCIAGMSIGGFLGGAIPGKC","T T H S G K Y Y G N G V Y C T K N K C T V D W A K A T T C I A G M S I G G F L G G A I P G K C"
29,"00842","TKYYGNGVYCNSKKCWVDWGQASGCIGQTVVGGWLGGAIPGKC","T K Y Y G N G V Y C N S K K C W V D W G Q A S G C I G Q T V V G G W L G G A I P G K C"
30,"00843","TKYYGNGVYCNSKKCWVDWGTAQGCIDVVIGQLGGGIPGKGKC","T K Y Y G N G V Y C N S K K C W V D W G T A Q G C I D V V I G Q L G G G I P G K G K C"
31,"00844","KYYGNGVTCGKHSCSVDWGKATTCIINNGAMAWATGGHQGTHKC","K Y Y G N G V T C G K H S C S V D W G K A T T C I I N N G A M A W A T G G H Q G T H K C"
32,"00845","KSYGNGVHCNKKKCWVDWGSAISTIGNNSAANWATGGAAGWKS","K S Y G N G V H C N K K K C W V D W G S A I S T I G N N S A A N W A T G G A A G W K S"
33,"00846","KYYGNGVSCNKKGCSVDWGKAIGIIGNNSAANLATGGAAGWKS","K Y Y G N G V S C N K K G C S V D W G K A I G I I G N N S A A N L A T G G A A G W K S"
34,"00847","KYYGNGLSCNKSGCSVDWSKAISIIGNNAVANLTTGGAAGWKS","K Y Y G N G L S C N K S G C S V D W S K A I S I I G N N A V A N L T T G G A A G W K S"
35,"00848","KNYGNGVHCTKKGCSVDWGYAWANIANNSVMNGLTGGNAGWHN","K N Y G N G V H C T K K G C S V D W G Y A W A N I A N N S V M N G L T G G N A G W H N"
36,"00849","TSYGNGVHCNKSKCWIDVSELETYKAGTVSNPKDILW","T S Y G N G V H C N K S K C W I D V S E L E T Y K A G T V S N P K D I L W"
37,"00850","KYYGNGVSCNSHGCSVNWGQAWTCGVNHLANGGHGVC","K Y Y G N G V S C N S H G C S V N W G Q A W T C G V N H L A N G G H G V C"
38,"00851","KYYGNGVTCGKHSCSVNWGQAFSCSVSHLANFGHGKC","K Y Y G N G V T C G K H S C S V N W G Q A F S C S V S H L A N F G H G K C"
39,"00852","KYYGNGLSCSKKGCTVNWGQAFSCGVNRVATAGHHKC","K Y Y G N G L S C S K K G C T V N W G Q A F S C G V N R V A T A G H H K C"
40,"00853","ATRSYGNGVYCNNSKCWVNWGEAKENIAGIVISGWASGLAGMGH","A T R S Y G N G V Y C N N S K C W V N W G E A K E N I A G I V I S G W A S G L A G M G H"
41,"00854","ATYYGNGLYCNKQKCWVDWNKASREIGKIIVNGWVQHGPWAPR","A T Y Y G N G L Y C N K Q K C W V D W N K A S R E I G K I I V N G W V Q H G P W A P R"
42,"00865","SLQYVMSAGPYTWYKDTRTGKTLCKQTIDTASYTFGVMAEGWGKTFH","S L Q Y V M S A G P Y T W Y K D T R T G K T L C K Q T I D T A S Y T F G V M A E G W G K T F H"
43,"00923","AISYGNGVYCNKEKCWVNKAENKQAITGIVIGGWASSLAGMGH","A I S Y G N G V Y C N K E K C W V N K A E N K Q A I T G I V I G G W A S S L A G M G H"
44,"00927","IYFIADKMGIQLAPAWYQDIVNWVSAGGTLTTGFAIIVGVTVPAWIAEAAAAFGIASA","I Y F I A D K M G I Q L A P A W Y Q D I V N W V S A G G T L T T G F A I I V G V T V P A W I A E A A A A F G I A S A"
45,"00928","NKGCATCSIGAACLVDGPIPDFEIAGATGLFGLWG","N K G C A T C S I G A A C L V D G P I P D F E I A G A T G L F G L W G"
46,"00929","MAKEFGIPAAVAGTVINVVEAGGWVTTIVSILTAVGSGGLSLLAAAGRESIKAYLKKEIKKKGKRAVIAW","M A K E F G I P A A V A G T V I N V V E A G G W V T T I V S I L T A V G S G G L S L L A A A G R E S I K A Y L K K E I K K K G K R A V I A W"
47,"00930","KPAWCWYTLAMCGAGYDSGTCDYMYSHCFGVKHSSGGGGSYHC","K P A W C W Y T L A M C G A G Y D S G T C D Y M Y S H C F G V K H S S G G G G S Y H C"
48,"00931","LAGYTGIASGTAKKVVDAIDKGAAAFVIISIISTVISAGALGAVSASADFIILTVKNYISRNLKAQAVIW","L A G Y T G I A S G T A K K V V D A I D K G A A A F V I I S I I S T V I S A G A L G A V S A S A D F I I L T V K N Y I S R N L K A Q A V I W"
49,"00932","IYWIADQFGIHLATGTARKLLDAVASGASLGTAFAAILGVTLPAWALAAAGALGATAA","I Y W I A D Q F G I H L A T G T A R K L L D A V A S G A S L G T A F A A I L G V T L P A W A L A A A G A L G A T A A"
50,"00995","GSEIQPR","G S E I Q P R"
51,"00996","ISLEICAIFHDN","I S L E I C A I F H D N"
52,"00997","ITSISLCTPGCKTGVLMGCNLKTATCNCSVHVSK","I T S I S L C T P G C K T G V L M G C N L K T A T C N C S V H V S K"
53,"00998","ALQFIQNTASGALYYNTKTHKYQYQQTSGAMGAAINVFNQQGINW","A L Q F I Q N T A S G A L Y Y N T K T H K Y Q Y Q Q T S G A M G A A I N V F N Q Q G I N W"
54,"01000","GSGVIPTISHECHMNSFQFVFTCCS","G S G V I P T I S H E C H M N S F Q F V F T C C S"
55,"01001","NRWWQGVVPTVSYECRMNSWQHVFTCC","N R W W Q G V V P T V S Y E C R M N S W Q H V F T C C"
56,"01002","KSWSLCTPGCARTGSFNSYCC","K S W S L C T P G C A R T G S F N S Y C C"
57,"01003","FKSWSFCTPGCAKTGSFNSYCC","F K S W S F C T P G C A K T G S F N S Y C C"
58,"01004","DWTAWSALVAAACSVELL","D W T A W S A L V A A A C S V E L L"
59,"01131","MSWLNFLKYIAKYGKKAVSAAWKYKGKVLEWLNVGPTLEWVWQKLKKIAGL","M S W L N F L K Y I A K Y G K K A V S A A W K Y K G K V L E W L N V G P T L E W V W Q K L K K I A G L"
60,"01137","CLGVGSCNDFAGCGYAVVCFW","C L G V G S C N D F A G C G Y A V V C F W"
61,"01138","CLGVGSCNDFAGCGYAIVCFW","C L G V G S C N D F A G C G Y A I V C F W"
62,"01151","GTWDDIGQGIGRVAYWVGKALGNLSDVNQASRINRKKKH","G T W D D I G Q G I G R V A Y W V G K A L G N L S D V N Q A S R I N R K K K H"
63,"01152","SIWGDIGQGVGKAAYWVGKAMGNMSDVNQASRINRKKKH","S I W G D I G Q G V G K A A Y W V G K A M G N M S D V N Q A S R I N R K K K H"
64,"01154","AIKLVQSPNGNFAASFVLDGTKWIFKSKYYDSSKGYWVGIYEVWDRK","A I K L V Q S P N G N F A A S F V L D G T K W I F K S K Y Y D S S K G Y W V G I Y E V W D R K"
65,"01155","ESVFSKIGNAVGPAAYWILKGLGNMSDVNQADRINRKKH","E S V F S K I G N A V G P A A Y W I L K G L G N M S D V N Q A D R I N R K K H"
66,"01156","NKLAYNMGHYAGKATIFGLAAWALLA","N K L A Y N M G H Y A G K A T I F G L A A W A L L A"
67,"01165","MINRTDCNENSYLEIHNNEGRDTLCFANAGTMPVAIYGVNWVESGNNVVTLQFQRNLSDPRLETITLQKWGSWNPGHIHEILSIRIY","M I N R T D C N E N S Y L E I H N N E G R D T L C F A N A G T M P V A I Y G V N W V E S G N N V V T L Q F Q R N L S D P R L E T I T L Q K W G S W N P G H I H E I L S I R I Y"
68,"01167","LTTKLWSSWGYYLGKKARWNLKHPYVQF","L T T K L W S S W G Y Y L G K K A R W N L K H P Y V Q F"
69,"01168","LVAYGIAQGTAEKVVSLINAGLTVGSIISILGGVTVGLSGVFTAVKAAIAKQGIKKAIQL","L V A Y G I A Q G T A E K V V S L I N A G L T V G S I I S I L G G V T V G L S G V F T A V K A A I A K Q G I K K A I Q L"
70,"01169","NRWGDTVLSAASGAGTGIKACKSFGPWGMAICGVGGAAIGGYFGYTHN","N R W G D T V L S A A S G A G T G I K A C K S F G P W G M A I C G V G G A A I G G Y F G Y T H N"
71,"01170","YSSKDCLKDIGKGIGAGTVAGAAGGGLAAGLGAIPGAFVGAHFGVIGGSAACIGGLLGN","Y S S K D C L K D I G K G I G A G T V A G A A G G G L A A G L G A I P G A F V G A H F G V I G G S A A C I G G L L G N"
72,"01171","YSGKDCLKDMGGYALAGAGSGALWGAPAGGVGALPGAFVGAHVGAIAGGFACMGGMIGNKFN","Y S G K D C L K D M G G Y A L A G A G S G A L W G A P A G G V G A L P G A F V G A H V G A I A G G F A C M G G M I G N K F N"
73,"01172","KRGPNCVGNFLGGLFAGAAAGVPLGPAGIVGGANLGMVGGALTCL","K R G P N C V G N F L G G L F A G A A A G V P L G P A G I V G G A N L G M V G G A L T C L"
74,"01173","KRGPNCVGNFLGGLFAGAAAGVPLGPAGIVGGANLGMVGGALTCL","K R G P N C V G N F L G G L F A G A A A G V P L G P A G I V G G A N L G M V G G A L T C L"
75,"01174","KVSGGEAVAAIGICATASAAIGGLAGATLVTPYCVGTWGLIRSH","K V S G G E A V A A I G I C A T A S A A I G G L A G A T L V T P Y C V G T W G L I R S H"
76,"01175","GMSGYIQGIPDFLKGYLHGISAANKHKKGRLGY","G M S G Y I Q G I P D F L K G Y L H G I S A A N K H K K G R L G Y"
77,"01176","TTPACFTIGLGVGALFSAKFC","T T P A C F T I G L G V G A L F S A K F C"
78,"01177","FNRGGYNFGKSVRHVVDAIGSVAGILKSIR","F N R G G Y N F G K S V R H V V D A I G S V A G I L K S I R"
79,"01178","GAWKNFWSSLRKGFYDGEAGRAIRR","G A W K N F W S S L R K G F Y D G E A G R A I R R"
80,"01179","NGVYCNKQKCWVDWSRARSEIIDRGVKAYVNGFTKVLGGIGGR","N G V Y C N K Q K C W V D W S R A R S E I I D R G V K A Y V N G F T K V L G G I G G R"
81,"01180","NPKVAHCASQIGRSTAWGAVSGA","N P K V A H C A S Q I G R S T A W G A V S G A"
82,"01181","AYPGNGVHCGKYSCTVDKQTAIGNIGNNAA","A Y P G N G V H C G K Y S C T V D K Q T A I G N I G N N A A"
83,"01182","FTPSVSFSQNGGVVEAAAQRGYIYKKYPKGAKVPNKVKMLVNIRGKQTMRTCYLMSWTASSRTAKYYYYI","F T P S V S F S Q N G G V V E A A A Q R G Y I Y K K Y P K G A K V P N K V K M L V N I R G K Q T M R T C Y L M S W T A S S R T A K Y Y Y Y I"
84,"01183","ATYYGNGLYCNKEKCWVDWNQAKGEIGKIIVNGWVNHGPWAPRR","A T Y Y G N G L Y C N K E K C W V D W N Q A K G E I G K I I V N G W V N H G P W A P R R"
85,"01184","ATYYGNGLYCNKEKCWVDWNQAKGEIGKIIVNGWVNHGPWAPRR","A T Y Y G N G L Y C N K E K C W V D W N Q A K G E I G K I I V N G W V N H G P W A P R R"
86,"01185","ENDHRMPNNLNRPNNLSKGGAKCGAAIAGGLFGIPKGPLAWAAGLANVYSKCN","E N D H R M P N N L N R P N N L S K G G A K C G A A I A G G L F G I P K G P L A W A A G L A N V Y S K C N"
87,"01186","KTYYGTNGVHCTKKSLWGKVRLKNVIPGTLCRKQSLPIKQDLKILLGWATGAFGKTFH","K T Y Y G T N G V H C T K K S L W G K V R L K N V I P G T L C R K Q S L P I K Q D L K I L L G W A T G A F G K T F H"
88,"01187","MNFLKNGIAKWMTGAELQAYKKKYGCLPWEKISC","M N F L K N G I A K W M T G A E L Q A Y K K K Y G C L P W E K I S C"
89,"01188","MLAKIKAMIKKFPNPYTLAAKLTTYEINWYKQQYGRYPWERPVA","M L A K I K A M I K K F P N P Y T L A A K L T T Y E I N W Y K Q Q Y G R Y P W E R P V A"
90,"01189","APAGLVAKFGRPIVKKYYKQIMQFIGEGSAINKIIPWIARMWRT","A P A G L V A K F G R P I V K K Y Y K Q I M Q F I G E G S A I N K I I P W I A R M W R T"
91,"01190","MGAIAKLVAKFGWPIVKKYYKQIMQFIGEGWAINKIIEWIKKHI","M G A I A K L V A K F G W P I V K K Y Y K Q I M Q F I G E G W A I N K I I E W I K K H I"
92,"01191","MGAIAKLVAKFGWPIVKKYYKQIMQFIGEGWAINKIIDWIKKHI","M G A I A K L V A K F G W P I V K K Y Y K Q I M Q F I G E G W A I N K I I D W I K K H I"
93,"01192","SDCNINSNTAADVILCFNQVGSCALCSPTLVGGPVP","S D C N I N S N T A A D V I L C F N Q V G S C A L C S P T L V G G P V P"
94,"01193","DIDITGCSACKYAAGQVCTIGCSAAGGFICGLLGITIPVAGLSCLGFVEIVCTVADEYSGCGDAVAKEACNRAGLC","D I D I T G C S A C K Y A A G Q V C T I G C S A A G G F I C G L L G I T I P V A G L S C L G F V E I V C T V A D E Y S G C G D A V A K E A C N R A G L C"
95,"01194","CSTNTFSLSDYWGNNGAWCTLTHECMAWCK","C S T N T F S L S D Y W G N N G A W C T L T H E C M A W C K"
96,"01195","KRGSGWIATITDDCPNSVFVCC","K R G S G W I A T I T D D C P N S V F V C C"
97,"01196","GETDPNTQLLNDLGNNMAWGAALGAPGGLGSAALGAAGGALQTVGQGLIDHGPVNVFIPVLIGPSWNGSGSGYNSATSSSGSGS","G E T D P N T Q L L N D L G N N M A W G A A L G A P G G L G S A A L G A A G G A L Q T V G Q G L I D H G P V N V F I P V L I G P S W N G S G S G Y N S A T S S S G S G S"
98,"01197","ATYYGNGLYCNKEKCWVDWNQAKGEIGKIIVNGWVNHGPWAPRR","A T Y Y G N G L Y C N K E K C W V D W N Q A K G E I G K I I V N G W V N H G P W A P R R"
99,"01198","LSCDEGMLAVGGLGAVGGPWGAAVGVLVGAALYCF","L S C D E G M L A V G G L G A V G G P W G A A V G V L V G A A L Y C F"
100,"01199","KYYGNGVHCGKKTCYVDWGQATASIGKIIVNGWTQHGPWAHR","K Y Y G N G V H C G K K T C Y V D W G Q A T A S I G K I I V N G W T Q H G P W A H R"
101,"01200","GGGVIQTISHECRMNSWQFLFTCCS","G G G V I Q T I S H E C R M N S W Q F L F T C C S"
102,"01201","KGGSGVIHTISHECNMNSWQFVFTCCS","K G G S G V I H T I S H E C N M N S W Q F V F T C C S"
103,"01202","KGGSGVIHTISHEVIYNSWNFVFTCCS","K G G S G V I H T I S H E V I Y N S W N F V F T C C S"
104,"01203","KKKSGVIPTVSHDCHMNSFQFVFTCCS","K K K S G V I P T V S H D C H M N S F Q F V F T C C S"
105,"01204","GKNGVFKTISHECHLNTWAFLATCCS","G K N G V F K T I S H E C H L N T W A F L A T C C S"
106,"01205","STPVLASVAVSMELLPTASVLYSDVAGCFKYSAKHHC","S T P V L A S V A V S M E L L P T A S V L Y S D V A G C F K Y S A K H H C"
107,"01206","CTFTLPGGGGVCTLTSECIC","C T F T L P G G G G V C T L T S E C I C"
108,"01224","VGALAVVVWLFLWLW","V G A L A V V V W L F L W L W"
109,"01225","VGALAVVVWLYLWLW","V G A L A V V V W L Y L W L W"
110,"01226","MRTGNAD","M R T G N A D"
111,"01227","VGIGGGGGGGGGGSCGGQGGGCGGCSNGCSGGNGGSGGSGSHI","V G I G G G G G G G G G G S C G G Q G G G C G G C S N G C S G G N G G S G G S G S H I"
112,"01228","ASGRDIAMAIGTLSGQFVAGGIGAAAGGVAGGAIYDYASTHKPNPAMSPSGLGGTIKQKPEGIPSEAWNYAAGRLCNWSPNNLSDVCL","A S G R D I A M A I G T L S G Q F V A G G I G A A A G G V A G G A I Y D Y A S T H K P N P A M S P S G L G G T I K Q K P E G I P S E A W N Y A A G R L C N W S P N N L S D V C L"
113,"01229","GDVNWVDVGKTVATNGAGVIGGAFGAGLCGPVCAGAFAVGSSAAVAALYDAAGNSNSAKQKPEGLPPEAWNYAEGRMCNWSPNNLSDVCL","G D V N W V D V G K T V A T N G A G V I G G A F G A G L C G P V C A G A F A V G S S A A V A A L Y D A A G N S N S A K Q K P E G L P P E A W N Y A E G R M C N W S P N N L S D V C L"
114,"01230","DGNDGQAELIAIGSLAGTFISPGFGSIAGAYIGDKVHSWATTATVSPSMSPSGIGLSSQFGSGRGTSSASSSAGSGS","D G N D G Q A E L I A I G S L A G T F I S P G F G S I A G A Y I G D K V H S W A T T A T V S P S M S P S G I G L S S Q F G S G R G T S S A S S S A G S G S"
115,"01231","GGAPATSANAAGAAAIVGALAGIPGGPLGVVVGAVSAGLTTGIGSTVGSGSASSSAGGGS","G G A P A T S A N A A G A A A I V G A L A G I P G G P L G V V V G A V S A G L T T G I G S T V G S G S A S S S A G G G S"
116,"01232","MNLNGLPASTNVIDLRGKDMGTYIDANGACWAPDTPSIIMYPGGSGPSYSMSSSTSSANSGS","M N L N G L P A S T N V I D L R G K D M G T Y I D A N G A C W A P D T P S I I M Y P G G S G P S Y S M S S S T S S A N S G S"
117,"01283","MRKEFHNVLSSGQLLADKRPARDYNRK","M R K E F H N V L S S G Q L L A D K R P A R D Y N R K"
118,"01285","GDPLADPNSQIVRQIMSNAAWGAAFGARGGLGGMAVGAAGGVTQTVLQGAAAHMPVNVPIPKVPMGPSWNGSKG","G D P L A D P N S Q I V R Q I M S N A A W G A A F G A R G G L G G M A V G A A G G V T Q T V L Q G A A A H M P V N V P I P K V P M G P S W N G S K G"
119,"01329","KQQLATEAESAGPIL","K Q Q L A T E A E S A G P I L"
120,"01464","VNPSYRLDPESRPQCEAHCGQLGMRLGAIVIMGTATGCVCEPKEAATPESR","V N P S Y R L D P E S R P Q C E A H C G Q L G M R L G A I V I M G T A T G C V C E P K E A A T P E S R"
121,"01493","ASIIKTTIKVSKAVCKTLTCICTGSCSNCK","A S I I K T T I K V S K A V C K T L T C I C T G S C S N C K"
122,"01495","IASKFICTPGCAKTGSFNSYCC","I A S K F I C T P G C A K T G S F N S Y C C"
123,"01511","TITLSTCAILSKPLGNNGYLCTVTKECMPSSCN","T I T L S T C A I L S K P L G N N G Y L C T V T K E C M P S S C N"
124,"01569","SNDSLWYGVGQEMGKQANCITNHPVKHMIIPGYCSKILG","S N D S L W Y G V G Q E M G K Q A N C I T N H P V K H M I I P G Y C S K I L G"
125,"01570","GNAACVIGCIGSCVISEGIGSLVGTAFTLG","G N A A C V I G C I G S C V I S E G I G S L V G T A F T L G"
126,"01593","CKQSCSFGPFTFVCDGNTK","C K Q S C S F G P F T F V C D G N T K"
127,"01594","CRQSCSFGPLTFVCDGNTK","C R Q S C S F G P L T F V C D G N T K"
128,"01595","CANSCSYGPLTWSCDGNTK","C A N S C S Y G P L T W S C D G N T K"
129,"01596","CRQSCSFGPFTFVCDGNTK","C R Q S C S F G P F T F V C D G N T K"
130,"01600","RARAPHKAWYNCMTDAGISGAIAGAVAGCAATIEIGCVEGAIAGIGPSGIASMIAALWTCRSKY","R A R A P H K A W Y N C M T D A G I S G A I A G A V A G C A A T I E I G C V E G A I A G I G P S G I A S M I A A L W T C R S K Y"
131,"01603","SSSGWLCTLTIECGTIICACR","S S S G W L C T L T I E C G T I I C A C R"
132,"01604","DAPGHPGKHYLQVNVPSDVRTIGVAGGGVQQCFRVTPGAWNDTRALVSNGAQVEVWGYTVADCANRTTANQKYYDKAAAPSDSSTYFWFTLKNLRV","D A P G H P G K H Y L Q V N V P S D V R T I G V A G G G V Q Q C F R V T P G A W N D T R A L V S N G A Q V E V W G Y T V A D C A N R T T A N Q K Y Y D K A A A P S D S S T Y F W F T L K N L R V"
133,"01605","SSGWVCTLTIECGTVICAC","S S G W V C T L T I E C G T V I C A C"
134,"01606","GLGKAQCAALWLQCASGGTIGCGGGAVACQNYRQFCR","G L G K A Q C A A L W L Q C A S G G T I G C G G G A V A C Q N Y R Q F C R"
135,"01607","ADRGWIKTLTKDCPNVISSICAGTIITACKNCA","A D R G W I K T L T K D C P N V I S S I C A G T I I T A C K N C A"
136,"01608","ADRGWIKTLTKDCPNVISSICAGTIITACKNCA","A D R G W I K T L T K D C P N V I S S I C A G T I I T A C K N C A"
137,"01609","KCKWWNISCDLGNNGHVCTLSHECQVSCN","K C K W W N I S C D L G N N G H V C T L S H E C Q V S C N"
138,"01610","CSTNTFSLSDYWGNKGNWCTATHECMSWCK","C S T N T F S L S D Y W G N K G N W C T A T H E C M S W C K"
139,"01611","IASKFLCTPGCAKTGSFNSYCC","I A S K F L C T P G C A K T G S F N S Y C C"
140,"01612","SASIVKTTIKASKKLCRGFTLTCGCHFTGKK","S A S I V K T T I K A S K K L C R G F T L T C G C H F T G K K"
141,"01615","SASVLKTSIKVSKKYCKGVTLTCGCNITGGK","S A S V L K T S I K V S K K Y C K G V T L T C G C N I T G G K"
142,"01616","SLGPAIKATRQVCPKATRFVTVSCKKSDCQ","S L G P A I K A T R Q V C P K A T R F V T V S C K K S D C Q"
143,"01617","VTSWSLCTPGCTSPGGGSNCSFCC","V T S W S L C T P G C T S P G G G S N C S F C C"
144,"01618","GTTVVNSTFSIVLGNKGYICTVTVECMRNCSK","G T T V V N S T F S I V L G N K G Y I C T V T V E C M R N C S K"
145,"01621","CAWYNISCRLGNKGAYCTLTVECMPSCN","C A W Y N I S C R L G N K G A Y C T L T V E C M P S C N"
146,"01632","ATPATPTVAQFVIQGSTICLVC","A T P A T P T V A Q F V I Q G S T I C L V C"
147,"01647","RCTCTTIISSSSTF","R C T C T T I I S S S S T F"
148,"01651","LVATGMAAGVAKTIVNAVSAGMDIATALSLFSGAFTAAGGIMALIKKYAQKKLWKQLIAA","L V A T G M A A G V A K T I V N A V S A G M D I A T A L S L F S G A F T A A G G I M A L I K K Y A Q K K L W K Q L I A A"
149,"01652","LIDHLGAPRWAVDTILGAIAVGNLASWVLALVPGPGWAVKAGLATAAAIVKHQGKAAAAAW","L I D H L G A P R W A V D T I L G A I A V G N L A S W V L A L V P G P G W A V K A G L A T A A A I V K H Q G K A A A A A W"
150,"01712","WKSESVCTPGCVTGLLQTCFLQTITCNCKISK","W K S E S V C T P G C V T G L L Q T C F L Q T I T C N C K I S K"
151,"01724","GTPGFQTPDARVISRFGFN","G T P G F Q T P D A R V I S R F G F N"
152,"01728","GSQLVYREWVGHSNVIKP","G S Q L V Y R E W V G H S N V I K P"
153,"01729","GSQLVYREWVGHSNVIKGPP","G S Q L V Y R E W V G H S N V I K G P P"
154,"01761","KPAWCWYTLAMCGAGYDSGTCDYMYSHCFGIKHHSSGSSSYHC","K P A W C W Y T L A M C G A G Y D S G T C D Y M Y S H C F G I K H H S S G S S S Y H C"
155,"01767","LVNQLGISKSLANTILGAIAVGNLASWVLALVPGPGWATKAALATAETIVKHEGKAAAIAW","L V N Q L G I S K S L A N T I L G A I A V G N L A S W V L A L V P G P G W A T K A A L A T A E T I V K H E G K A A A I A W"
156,"01955","EYHLMNGANGYLTRVNGKTVYRVTKDPVSAVFGVISNCWGSAGAGFGPQH","E Y H L M N G A N G Y L T R V N G K T V Y R V T K D P V S A V F G V I S N C W G S A G A G F G P Q H"
157,"01963","ACQCPDAISGWTHTDYQCHGLENKMYRHVYAICMNGTQVYCRTEWGSSC","A C Q C P D A I S G W T H T D Y Q C H G L E N K M Y R H V Y A I C M N G T Q V Y C R T E W G S S C"
158,"01969","GPVGLLSSPGSLPPVGGAP","G P V G L L S S P G S L P P V G G A P"
159,"01970","EGPVGLADPDGPASAPLGAP","E G P V G L A D P D G P A S A P L G A P"
160,"01971","VTSKSLCTPGCITGVLMCLTQNSCVSCNSCIRC","V T S K S L C T P G C I T G V L M C L T Q N S C V S C N S C I R C"
161,"01972","STIVCVSLRICNWSLRFCPSFKVRCPM","S T I V C V S L R I C N W S L R F C P S F K V R C P M"
162,"01993","TNWKKIGKCYAGTLGSAVLGFGAMGPVGYWAGAGVGYASFC","T N W K K I G K C Y A G T L G S A V L G F G A M G P V G Y W A G A G V G Y A S F C"
163,"01994","ISVCITVC","I S V C I T V C"
164,"01995","ECELAKVDGGYTPKNCAMAVGGGMLSGAIRGGMSGTVFGVGTGNLAGAFAGAHIGLVAGGLACIGGYLGSH","E C E L A K V D G G Y T P K N C A M A V G G G M L S G A I R G G M S G T V F G V G T G N L A G A F A G A H I G L V A G G L A C I G G Y L G S H"
165,"01996","EDGLHPRLCSC","E D G L H P R L C S C"
166,"01997","TPGGIDFISGGPHVAQDVLNAIKNFFK","T P G G I D F I S G G P H V A Q D V L N A I K N F F K"
167,"02014","GNANSNYEGGGSRSRNTGARNSLGRNAPTHIYSDPSTVKCANAVFSGMVGGAIKGGPVGMTRGTIGGAVIGQCLSGGGNGNGGGNRAGSSNCSGSNVGGTCSR","G N A N S N Y E G G G S R S R N T G A R N S L G R N A P T H I Y S D P S T V K C A N A V F S G M V G G A I K G G P V G M T R G T I G G A V I G Q C L S G G G N G N G G G N R A G S S N C S G S N V G G T C S R"
168,"02015","NANSNFEGGPRNDRSSGARNSLGRNAPTHIYSDPSTVKCANAVFSGMIGGAIKGGPIGMARGTIGGAVVGQCLSDHGSGNGSGNRGSSSSCSGNNVGGTCNR","N A N S N F E G G P R N D R S S G A R N S L G R N A P T H I Y S D P S T V K C A N A V F S G M I G G A I K G G P I G M A R G T I G G A V V G Q C L S D H G S G N G S G N R G S S S S C S G N N V G G T C N R"
169,"02028","KRKCPKTPFDNTPGAWFAHLILGC","K R K C P K T P F D N T P G A W F A H L I L G C"
170,"02029","DSIRDVSPTFNKIRRWFDGLFK","D S I R D V S P T F N K I R R W F D G L F K"
171,"02052","TPALAVVTTVLPAAAVTTAKSV","T P A L A V V T T V L P A A A V T T A K S V"
172,"02053","GLSQGVEPDIGQTYFEESRINQD","G L S Q G V E P D I G Q T Y F E E S R I N Q D"
173,"02074","MAKEFGIPAAVAGTVINVVVAGGWVTTIVSILTAVGSGGLSLLAAAGRESIKAYLKKEIKKKGKRAVIAW","M A K E F G I P A A V A G T V I N V V V A G G W V T T I V S I L T A V G S G G L S L L A A A G R E S I K A Y L K K E I K K K G K R A V I A W"
174,"02104","MQFITDLIKKAVDFFKGLFGNK","M Q F I T D L I K K A V D F F K G L F G N K"
175,"02105","MAADIISTIGDLVKLIINTVKKFQK","M A A D I I S T I G D L V K L I I N T V K K F Q K"
176,"02117","VLSIVACSSGCGSGKTAASCVETCGNRCFTNVGSLC","V L S I V A C S S G C G S G K T A A S C V E T C G N R C F T N V G S L C"
177,"02130","GSGPTYCWNEANNPGGPNRCSNNKQCDGARTCSSSGFCQGTSRKPDPGPKGPTYCWDEAKNPGGPNRCSNSKQCDGARTCSSSGFCQGTAGHAAA","G S G P T Y C W N E A N N P G G P N R C S N N K Q C D G A R T C S S S G F C Q G T S R K P D P G P K G P T Y C W D E A K N P G G P N R C S N S K Q C D G A R T C S S S G F C Q G T A G H A A A"
178,"02131","LGKFSQTCYNSAIQGSVLTSTCERTNGGYNTSSIDLNSVIENVDGSLKWQPSNFIETCRNTQLAGSSELAAECKTRAQQFVSTKINLDDHIANIDGTLKYE","L G K F S Q T C Y N S A I Q G S V L T S T C E R T N G G Y N T S S I D L N S V I E N V D G S L K W Q P S N F I E T C R N T Q L A G S S E L A A E C K T R A Q Q F V S T K I N L D D H I A N I D G T L K Y E"
179,"02132","MASYKVNIPAGPLWSNAEAQQVGPKIAAAHQGNFTGQWTTVVESAMSVVEVELQVENTGIHEFKTDVLAGPLWSNDEAQKLGPQIAASYGAEFTGQWRTIVEGVMSVIQIKYTF","M A S Y K V N I P A G P L W S N A E A Q Q V G P K I A A A H Q G N F T G Q W T T V V E S A M S V V E V E L Q V E N T G I H E F K T D V L A G P L W S N D E A Q K L G P Q I A A S Y G A E F T G Q W R T I V E G V M S V I Q I K Y T F"
180,"02143","YSLQMGATAIKQVKKLFKKKGG","Y S L Q M G A T A I K Q V K K L F K K K G G"
181,"02164","ASSGWVCTLTIECGTVICACR","A S S G W V C T L T I E C G T V I C A C R"
182,"02165","ITSFIGCTPGCGKTGSFNSFCC","I T S F I G C T P G C G K T G S F N S F C C"
183,"02189","TVVTNA","T V V T N A"
184,"02190","TVVTQA","T V V T Q A"
185,"02191","TVYTNA","T V Y T N A"
186,"02192","TVYTQA","T V Y T Q A"
187,"02193","YSKSLPLSVLNP","Y S K S L P L S V L N P"
188,"02194","NRWCFAGDD","N R W C F A G D D"
189,"02201","KIKFLKVLT","K I K F L K V L T"
190,"02203","WNDTGKDADGSEY","W N D T G K D A D G S E Y"
191,"02204","KTKKKLLKKT","K T K K K L L K K T"
192,"02220","NKGCAICSIGAACLVDGPIPDFEIAGATGLFGLWG","N K G C A I C S I G A A C L V D G P I P D F E I A G A T G L F G L W G"
193,"02221","ASSGWVCTLTIECGTVICACR","A S S G W V C T L T I E C G T V I C A C R"
194,"02242","TWATIGKTIVQSVKKCRTFTCGCSLGSCSNCN","T W A T I G K T I V Q S V K K C R T F T C G C S L G S C S N C N"
195,"02243","VKLFPVKLFP","V K L F P V K L F P"
196,"02246","MAKEFGIPAAVAGTVLNVVEAGGWVTTIVSILTAVGSGGLSLLAAAGRESIKAYLKKEIKKKGKRAVIAW","M A K E F G I P A A V A G T V L N V V E A G G W V T T I V S I L T A V G S G G L S L L A A A G R E S I K A Y L K K E I K K K G K R A V I A W"
197,"02247","MAGFLKVVQLLAKYGSKAVQWAWANKGKILDWLNAGQAIDWVVSKIKQILGIK","M A G F L K V V Q L L A K Y G S K A V Q W A W A N K G K I L D W L N A G Q A I D W V V S K I K Q I L G I K"
198,"02248","FKKKKRNIGTFVFFAIALFCTVMFAYLLLTNQYVPIDYNVPRYA","F K K K K R N I G T F V F F A I A L F C T V M F A Y L L L T N Q Y V P I D Y N V P R Y A"
199,"02249","FISQIISTARI","F I S Q I I S T A R I"
200,"02250","MKTILRFVAGYDIASHKKKTGGYPWERGKA","M K T I L R F V A G Y D I A S H K K K T G G Y P W E R G K A"
201,"02251","MWGRILAFVAKYGTKAVQWAWKNKWFLLSLGEAVFDYIRSIWGG","M W G R I L A F V A K Y G T K A V Q W A W K N K W F L L S L G E A V F D Y I R S I W G G"
202,"02252","IGTTVVNSTFSIVLGNKGYICTVTVECMRNCQ","I G T T V V N S T F S I V L G N K G Y I C T V T V E C M R N C Q"
203,"02253","MGAIAKLVAKFGWPFIKKFYKQIMQFIGQGWTIDQIEKWLKRH","M G A I A K L V A K F G W P F I K K F Y K Q I M Q F I G Q G W T I D Q I E K W L K R H"
204,"02254","ATISSPDAVAAAAYTPYFEIYYGPNCASASRVYTGVNRGEAWINDTFNNTETGTAGYGQKIRNNAASIRTWNVQSVNIKGNDGTYIAFSSQGACVPLDSRFGNRRNNNIGWQTVPLGGFSN","A T I S S P D A V A A A A Y T P Y F E I Y Y G P N C A S A S R V Y T G V N R G E A W I N D T F N N T E T G T A G Y G Q K I R N N A A S I R T W N V Q S V N I K G N D G T Y I A F S S Q G A C V P L D S R F G N R R N N N I G W Q T V P L G G F S N"
205,"02308","GNGVVLTLTHECNLATWTKKLKCC","G N G V V L T L T H E C N L A T W T K K L K C C"
206,"02320","KTYYGTNGVHCTKNSLWGKVRLKNMKYDQNTTYMGRLQDILLGWATGAFGKTFH","K T Y Y G T N G V H C T K N S L W G K V R L K N M K Y D Q N T T Y M G R L Q D I L L G W A T G A F G K T F H"
207,"02321","TNYGNGVGVPDAIMAGIIKLIFIFNIRQGYNFGKKAT","T N Y G N G V G V P D A I M A G I I K L I F I F N I R Q G Y N F G K K A T"
208,"02323","KRKKHRCRVYNNGMPTGMYRWC","K R K K H R C R V Y N N G M P T G M Y R W C"
209,"02324","VFHAYSARGNYYGNCPANWPSCRNNYKSAGGK","V F H A Y S A R G N Y Y G N C P A N W P S C R N N Y K S A G G K"
210,"02333","KIIFLIAI","K I I F L I A I"
211,"02336","EKYTEVPEYV","E K Y T E V P E Y V"
212,"02346","GLEESPGHPGQPGPPGPPGAPGP","G L E E S P G H P G Q P G P P G P P G A P G P"
213,"02347","KVTKSVKSIPVKI","K V T K S V K S I P V K I"
214,"02348","TTPLCVGVIIGLTTSIKICK","T T P L C V G V I I G L T T S I K I C K"
215,"02349","TTPLCVGVIIGITASIKICK","T T P L C V G V I I G I T A S I K I C K"
216,"02359","ITSHSLCTPGCAKTGSFNSFCC","I T S H S L C T P G C A K T G S F N S F C C"
217,"02360","MVALLKSLERRRLMITISTMLQFGLFLIALIGLVIKLIELSNKK","M V A L L K S L E R R R L M I T I S T M L Q F G L F L I A L I G L V I K L I E L S N K K"
218,"02361","MITISTMLQFGLFLIALIGLVIKLIELSNKK","M I T I S T M L Q F G L F L I A L I G L V I K L I E L S N K K"
219,"02370","FCKSLPLPLSVK","F C K S L P L P L S V K"
220,"02372","WAIVLL","W A I V L L"
221,"02376","GLRRLFADQLVGRRNI","G L R R L F A D Q L V G R R N I"
222,"02378","ELLVDLL","E L L V D L L"
223,"02379","ELLVDLL","E L L V D L L"
224,"02380","ELLVDLL","E L L V D L L"
225,"02394","DWTCWSCLVCAACSVELLNLVTAATGASTAS","D W T C W S C L V C A A C S V E L L N L V T A A T G A S T A S"
226,"02395","DWTFANWSCLVCDDCSVNLTV","D W T F A N W S C L V C D D C S V N L T V"
227,"02396","LASTLGISTAAAKKAIDIIDAASTIASIISLIGIVTGAGAISYAIVATAKTMIKKYGKKYAAAW","L A S T L G I S T A A A K K A I D I I D A A S T I A S I I S L I G I V T G A G A I S Y A I V A T A K T M I K K Y G K K Y A A A W"
228,"02397","CWSCMGHSCWSCMGHSCWSCAGHSCWSCMGHSCWSCMGHSCWSCAGHCCGSCWHGGM","C W S C M G H S C W S C M G H S C W S C A G H S C W S C M G H S C W S C M G H S C W S C A G H C C G S C W H G G M"
229,"02398","YPYNSTSNVKRIPVSVHFTASQCREIASRGASISEWTTWTSLIAGFGKGTAFLGALTALYGYGVSKNLSVFLTAANRGTGLTISYTYVIPPYTNIGSFENTRISYY","Y P Y N S T S N V K R I P V S V H F T A S Q C R E I A S R G A S I S E W T T W T S L I A G F G K G T A F L G A L T A L Y G Y G V S K N L S V F L T A A N R G T G L T I S Y T Y V I P P Y T N I G S F E N T R I S Y Y"
230,"02399","ESISVAGGTWNYGYGVGQAYSHYKHDYNNHGAKVVNSNNGVKDYKNAGPGVWAKASIGTVWDPATFYYNPTGFYSN","E S I S V A G G T W N Y G Y G V G Q A Y S H Y K H D Y N N H G A K V V N S N N G V K D Y K N A G P G V W A K A S I G T V W D P A T F Y Y N P T G F Y S N"
231,"02402","IGGALGNALNGLGTWANMMNGGGFVNQWQVYANKGKINQYRPY","I G G A L G N A L N G L G T W A N M M N G G G F V N Q W Q V Y A N K G K I N Q Y R P Y"
232,"02408","VTSWSLCTPGCTSPGGGSNCSFCC","V T S W S L C T P G C T S P G G G S N C S F C C"
233,"02410","DWTCWSCLVCAACS","D W T C W S C L V C A A C S"
234,"02418","QWGGG","Q W G G G"
235,"02429","KTKQQFLIKAQTQLFKVFGYTL","K T K Q Q F L I K A Q T Q L F K V F G Y T L"
236,"02431","TPPQS","T P P Q S"
237,"02432","APVPFSCTRGCLTHLV","A P V P F S C T R G C L T H L V"
238,"02433","GDINGEFTTSPACVYSVMVVSKASSAKCAAGASAVSGAILSAIRC","G D I N G E F T T S P A C V Y S V M V V S K A S S A K C A A G A S A V S G A I L S A I R C"
239,"02441","ATQSHQ","A T Q S H Q"
240,"02450","EKYTEAPEYI","E K Y T E A P E Y I"
241,"02520","LGSCVANKIKDEFFAMISISAIVKAAQKKAWKELAVTVLRFAKANGLKTNAIIVAGQLALWAVQCGLS","L G S C V A N K I K D E F F A M I S I S A I V K A A Q K K A W K E L A V T V L R F A K A N G L K T N A I I V A G Q L A L W A V Q C G L S"
242,"02524","GDCGGTCTWTKDCSICPSWSCWSWSC","G D C G G T C T W T K D C S I C P S W S C W S W S C"
243,"02525","SDWSLWECCSTGSLFACC","S D W S L W E C C S T G S L F A C C"
244,"02526","SNASVWECCSTGSWVPFTCC","S N A S V W E C C S T G S W V P F T C C"
245,"02543","GRADYNFGYGLGRGTRKFFNGIGRWVRKTF","G R A D Y N F G Y G L G R G T R K F F N G I G R W V R K T F"
246,"02572","WLLING","W L L I N G"
247,"02573","WLLVNG","W L L V N G"
248,"02574","WLVING","W L V I N G"
249,"02575","WLIING","W L I I N G"
250,"02576","WLLINK","W L L I N K"
251,"02577","WLLVNK","W L L V N K"
252,"02578","WGNVLL","W G N V L L"
253,"02581","LQSNININTAAAVILIFNQVQVGALCAPTPVSGGGPVP","L Q S N I N I N T A A A V I L I F N Q V Q V G A L C A P T P V S G G G P V P"
254,"02582","DIDITGCSACKYAAGQVCTIGCSAAGGFICGLLGITIPVAGLSSLGFFVITCTTSADYYSIPDSNAAK","D I D I T G C S A C K Y A A G Q V C T I G C S A A G G F I C G L L G I T I P V A G L S S L G F F V I T C T T S A D Y Y S I P D S N A A K"
255,"02584","LTANLGISSYAAKKVIDIINTGSAVATIIALVTAVVGGGLITAGIVATAKSLIKKYGAKYAAAW","L T A N L G I S S Y A A K K V I D I I N T G S A V A T I I A L V T A V V G G G L I T A G I V A T A K S L I K K Y G A K Y A A A W"
256,"02586","SLGVTLGAAGLYTATQTIATQIWKCGAVLTTSAECSRTGNSC","S L G V T L G A A G L Y T A T Q T I A T Q I W K C G A V L T T S A E C S R T G N S C"
257,"02587","SLGVTLGAAGVYTATQTIATQIWKCGAVLTTSAECSRTGNSC","S L G V T L G A A G V Y T A T Q T I A T Q I W K C G A V L T T S A E C S R T G N S C"
258,"02588","SLGVTLGAAGVYTATQTIATQIWKCGAVLTTSAECSRTGKSC","S L G V T L G A A G V Y T A T Q T I A T Q I W K C G A V L T T S A E C S R T G K S C"
259,"02646","GKNGVFKTISHECHMNSWQFLFTCCS","G K N G V F K T I S H E C H M N S W Q F L F T C C S"
260,"02649","VAVLVLGA","V A V L V L G A"
261,"02677","FWQKMSFA","F W Q K M S F A"
262,"02678","SSSLLNTAWRKFG","S S S L L N T A W R K F G"
263,"02688","VPSLPLVPLG","V P S L P L V P L G"
264,"02693","GNGVIKTVSHECKMNTWQFLFTCCS","G N G V I K T V S H E C K M N T W Q F L F T C C S"
265,"02696","QGGQANQ","Q G G Q A N Q"
266,"02719","GFGSKPLDSFGLNFF","G F G S K P L D S F G L N F F"
267,"02720","GFGSKPIDSFGLSWL","G F G S K P I D S F G L S W L"
268,"02725","INTWNTTATSTSIIISETFGNKGKVCTYTVECVNNCRG","I N T W N T T A T S T S I I I S E T F G N K G K V C T Y T V E C V N N C R G"
269,"02726","WTTIVKVSKAVCKTGTCICTTSCSNCK","W T T I V K V S K A V C K T G T C I C T T S C S N C K"
270,"02728","CVWGGDCTDFLGCGTAWICV","C V W G G D C T D F L G C G T A W I C V"
271,"02741","CEWYNISCQLGNKGQWCTLTKECQRSCK","C E W Y N I S C Q L G N K G Q W C T L T K E C Q R S C K"
272,"02768","SMSGFSKPHD","S M S G F S K P H D"
273,"02777","VKGSWSKKFEVIA","V K G S W S K K F E V I A"
274,"02778","VLSIVACSSGCGSGKTAASCVATCGNKCFTNVGSLC","V L S I V A C S S G C G S G K T A A S C V A T C G N K C F T N V G S L C"
275,"02779","GKGSWSKKIEVIA","G K G S W S K K I E V I A"
276,"02799","KCSWWNASCHLGNNGKICTVSHECAAGCNL","K C S W W N A S C H L G N N G K I C T V S H E C A A G C N L"
277,"02800","ATPTITTSSATCGGIIVAASAAQCPTLACSSRCGKRKK","A T P T I T T S S A T C G G I I V A A S A A Q C P T L A C S S R C G K R K K"
278,"02801","ASVVKTTIKASKKLCKGATLTCGCNITGKK","A S V V K T T I K A S K K L C K G A T L T C G C N I T G K K"
279,"02829","ATYYGNGLYCNKEKCWVDWNQAKGEIGKIIVNGWVNHGPWAPR","A T Y Y G N G L Y C N K E K C W V D W N Q A K G E I G K I I V N G W V N H G P W A P R"
280,"02831","WGWKEVVQNGQTIFSAGQKLGNMVGKIVPLPFG","W G W K E V V Q N G Q T I F S A G Q K L G N M V G K I V P L P F G"
281,"02877","ITPATPFTPAIITEITAAVIA","I T P A T P F T P A I I T E I T A A V I A"
282,"02887","GLEETVYIYGANMAS","G L E E T V Y I Y G A N M A S"
283,"02895","SMATPHVAGAAALILSKHPTWTNAQVRDRLESTATYLGNSFYYGK","S M A T P H V A G A A A L I L S K H P T W T N A Q V R D R L E S T A T Y L G N S F Y Y G K"
284,"02902","MWGRILGTVAKYGPKAVSWAWQHKWELINMGDLAFRYIQRIWG","M W G R I L G T V A K Y G P K A V S W A W Q H K W E L I N M G D L A F R Y I Q R I W G"
285,"02905","FTVATFI","F T V A T F I"
286,"02914","MKFKFNPTGTIVKKLTQYEIAWFKNKHGYYPWEIPRC","M K F K F N P T G T I V K K L T Q Y E I A W F K N K H G Y Y P W E I P R C"
287,"02925","NKGCSACAIGAACLADGPIPDFEVAGITGTFGIAS","N K G C S A C A I G A A C L A D G P I P D F E V A G I T G T F G I A S"
288,"02926","ASVVNKLTGGVAGLLK","A S V V N K L T G G V A G L L K"
289,"02928","KTKKKFLKKT","K T K K K F L K K T"
290,"02954","IVWIAKQFGVHLTTSLTQKALDLLSAGSSLGTVAAAVLGVTLPAWAVAAAGALGGTAA","I V W I A K Q F G V H L T T S L T Q K A L D L L S A G S S L G T V A A A V L G V T L P A W A V A A A G A L G G T A A"
291,"02955","GNGVLKTISHECNMNTWQFLFTCC","G N G V L K T I S H E C N M N T W Q F L F T C C"
292,"02956","AGCICSGSVAVANSHNAGPAYCVGYCGNNGAVTRNANANLARTA","A G C I C S G S V A V A N S H N A G P A Y C V G Y C G N N G A V T R N A N A N L A R T A"
293,"02957","AGCVCSGTVAVANSHNAGPAYCVGYCGNNGEVTRNANYNIARRS","A G C V C S G T V A V A N S H N A G P A Y C V G Y C G N N G E V T R N A N Y N I A R R S"
294,"02978","VSGPAGPPGTH","V S G P A G P P G T H"
295,"02979","VGPGAINAGTYLVSRELFER","V G P G A I N A G T Y L V S R E L F E R"
296,"03013","GNPLKLFLPSTWVHFFKFLR","G N P L K L F L P S T W V H F F K F L R"
297,"03060","GGVGKIIEYFIGGGVGRYG","G G V G K I I E Y F I G G G V G R Y G"
298,"03074","IGGALGNALAGLGNGLKQWNTTGFSEYNIGGGKVNNGKAPTSIPAYNPYGH","I G G A L G N A L A G L G N G L K Q W N T T G F S E Y N I G G G K V N N G K A P T S I P A Y N P Y G H"
299,"03075","HWIGDVLGAIGGAAHPVNPQKVVDQLNGKPAIKPHSCSPYGTGGTPNSCNW","H W I G D V L G A I G G A A H P V N P Q K V V D Q L N G K P A I K P H S C S P Y G T G G T P N S C N W"
300,"03076","KLTFIQSTAAGDLYYNTNTHKYVYQQTQNAFGAAANTIVNGWMGGAAGGFGLHH","K L T F I Q S T A A G D L Y Y N T N T H K Y V Y Q Q T Q N A F G A A A N T I V N G W M G G A A G G F G L H H"
301,"03088","WKSESVCTPGCVTGILQTCFLQSITCNCRLSK","W K S E S V C T P G C V T G I L Q T C F L Q S I T C N C R L S K"
302,"03103","WGCVCSGSTAVANSHNAGPAYCVGYCGNNGVVTRNANANVAKTA","W G C V C S G S T A V A N S H N A G P A Y C V G Y C G N N G V V T R N A N A N V A K T A"
303,"03132","MSKVISALSKYGPKAVNWAKNHKGQIANWLLHGLSIPDIVQNVKNAVGIK","M S K V I S A L S K Y G P K A V N W A K N H K G Q I A N W L L H G L S I P D I V Q N V K N A V G I K"
304,"03138","TTWACATVTLTVTVCSPTGTLCGSCSMGTRGCC","T T W A C A T V T L T V T V C S P T G T L C G S C S M G T R G C C"
305,"03141","ITSKSLCTPGCKTGALQTCFAKTATCHCSGHVHTK","I T S K S L C T P G C K T G A L Q T C F A K T A T C H C S G H V H T K"
306,"03142","SDTGTKSRK","S D T G T K S R K"
307,"03153","MRLSHVCSQSSSKYPAGSCNLMTHDRATSSEHRSASRCDRVIRRFCRSDPASRYWRYPVRGMRHGRCHTDW","M R L S H V C S Q S S S K Y P A G S C N L M T H D R A T S S E H R S A S R C D R V I R R F C R S D P A S R Y W R Y P V R G M R H G R C H T D W"
308,"03162","VMWCYVFGYGFNCAVW","V M W C Y V F G Y G F N C A V W"
309,"03163","VGAVAFGPVGAVVGGLASGFTGKQT","V G A V A F G P V G A V V G G L A S G F T G K Q T"
310,"03167","GGDGSIAEYFNRPMHIHDWQIMDSGYYG","G G D G S I A E Y F N R P M H I H D W Q I M D S G Y Y G"