SeqID,Prediction_Class,Prediction_Probability,Sequence
DRAMP00181,AMP,0.9995,KLTFIQSTAAGDLYYNTNTHKYVYQQTQNAFGAAANTIVNGWMGGAAGGFGLHH
DRAMP00182,AMP,0.9936,DWTXWSXLVXAACSVELL
DRAMP00183,AMP,0.9996,DWTCWSCLVCAACSVELLNLVTAATGASTAS
DRAMP00184,AMP,0.9937,EGTWQHGYGVSSAYSNYHHGSKTHSATVVNNNTGRQGKDTQRAGVWAKATVGRNLTEKASFYYNFW
DRAMP00185,AMP,0.9999,KGKGFWSWASKATSWLTGPQQPGSPLLKKHR
DRAMP00186,AMP,0.9998,KRKCPKTPFDNTPGAWFAHLILGC
DRAMP00187,AMP,0.9975,DSIRDVSPTFNKIRRWFDGLFK
DRAMP00188,AMP,1.0,APAGLVAKFGRPIVKKYYKQIMQFIGEGSAINKIIPWIARMWRT
DRAMP00189,Non-AMP,0.0333,KGLGKLIGIDWLLGQAKDAVKQYKKDYKRWH
DRAMP00190,Non-AMP,0.4839,MNKEYNSISNFKKITNKDLQNINGGFIGRAIGDFVYFGAKGLRESGKLLNYYYKHKH
DRAMP00191,AMP,0.9589,GGAGHVPEYFVGIGTPISFYG
DRAMP00192,Non-AMP<b>&nbsp;*</b>,0.465,MRTGNAN
DRAMP00193,AMP,0.9997,VGIGGGGGGGGGGSCGGQGGGCGGCSNGCSGGNGGSGGSGSHI
DRAMP00194,AMP,0.9044,GTPGFQTPDARVISRFGFN
DRAMP00195,AMP,0.9999,ASGRDIAMAIGTLSGQFVAGGIGAAAGGVAGGAIYDYASTHKPNPAMSPSGLGGTIKQKPEGIPSEAWNYAAGRLCNWSPNNLSDVCL
DRAMP00196,AMP,0.9996,GDVNWVDVGKTVATNGAGVIGGAFGAGLCGPVCAGAFAVGSSAAVAALYDAAGNSNSAKQKPEGLPPEAWNYAEGRMCNWSPNNLSDVCL
DRAMP00197,AMP,0.9921,AGDPLADPNSQIVRQIMSNAAWGPPLVPERFRGMAVGAAGGVTQTVLQGAAAHMPVNVPIPKVPMGPSWNGSKG
DRAMP00198,AMP,0.9972,GGAPATSANAAGAAAIVGALAGIPGGPLGVVVGAVSAGLTTGIGSTVGSGSASSSAGGGS
DRAMP00199,AMP,0.6938,MNLNGLPASTNVIDLRGKDMGTYIDANGACWAPDTPSIIMYPGGSGPSYSMSSSTSSANSGS
DRAMP00200,AMP,0.9422,DGNDGQAELIAIGSLAGTFISPGFGSIAGAYIGDKVHSWATTATVSPSMSPSGIGLSSQFGSGRGTSSASSSAGSGS
DRAMP00201,AMP,0.9999,SCNCVCGVCCSCSP
DRAMP00202,AMP,0.9999,SCTTCVCTCSCCTT
DRAMP00203,AMP,1.0,SCNCVCGFCCSCSP
DRAMP00204,AMP,0.9999,STNCFCYICCSCSS
DRAMP00205,AMP,1.0,CLGIGSCNDFAGCGYAVVCFW
DRAMP00206,AMP,0.9999,KTYYGTNGVHCTKKSLWGKVRLKNVIPGTLCRKQSLPIKQDLKILLGWATGAFGKTFH
DRAMP00207,AMP,0.9991,IYWIADQFGIHLATGTARKLLDAVASGASLGTAFAAILGVTLPAWALAAAGALGATAA
DRAMP00208,AMP,0.9999,KTHYPTNAWKSLWKGFWESLRYTDGF
DRAMP00209,AMP,1.0,ANCSCSTASDYCPILTFCTTGTACSYTPTGCGTGWVYCACNGNFY
DRAMP00211,AMP,0.9999,GLGKAQCAALWLQCASGGTIGCGGGAVACQNYRQFCR
DRAMP00212,Non-AMP,0.0028,AVPAVRKTNETLD
DRAMP00213,AMP,0.9764,STPVLASVAVSMELLPTASVLYSDVAGCFKYSAKHHC
DRAMP00214,Non-AMP,0.0003,MVPTTFTLTTNNFLSDYQQLFI
DRAMP00215,AMP,1.0,NRWYCNSAAGGVGGAAGCVLAGYVGEAKENIAGEVRKGWGMAGGFTHNKACKSFPGSGWASG
DRAMP00216,AMP,0.9821,AIKLVQSPNGNFAASFVLDGTKWIFKSKYYDSSKGYWVGIYEVWDRK
DRAMP00217,Non-AMP<b>&nbsp;*</b>,0.115,ASILTNAS
DRAMP00218,AMP,0.9802,RCTCTTIISSSSTF
DRAMP00219,AMP,0.9918,YSLQMGATAIKQVKKLFKKWGW
DRAMP00220,AMP,0.9973,GATAIKQVKKLFKKWGW
DRAMP00221,AMP,0.9996,DQMSDGVNYGKGSSLSKGGAKCGLGIVGGLATIPSGPLGWLAGAAGVINSCMK
DRAMP00222,AMP,0.9997,GETDPNTQLLNDLGNNMAWGAALGAPGGLGSAALGAAGGALQTVGQGLIDHGPVNVFIPVLIGPSWNGSGSGYNSATSSSGSGS
DRAMP00224,Non-AMP,0.0061,KQQLATEAESAGPIL
DRAMP00225,Non-AMP,0.0017,ILFSYLLFYVLKENSKREDKYQNIIEELTELLPKIKEDVEDIKEKLNK
DRAMP00226,Non-AMP<b>&nbsp;*</b>,0.1995,NIPQLTPTP
DRAMP00227,AMP,0.6546,VAPFPEQFLX
DRAMP00228,Non-AMP,0.2117,TPVVNPPFLQQT
DRAMP00229,AMP,0.9998,KPAWCWYTLAMCGAGYDSGTCDYMYSHCFGVKHSSGGGGSYHC
DRAMP00230,Non-AMP,0.0244,GSQLVYREWVGHSNVIKP
DRAMP00231,Non-AMP,0.1492,GSQLVYREWVGHSNVIKGPP
DRAMP00232,AMP,0.999,ATPATPTVAQFVIQGSTICLVC
DRAMP00233,AMP,0.6595,ISLEICXIFHDN
DRAMP00234,AMP,0.7203,DIGGSRQGCVA
DRAMP00235,Non-AMP,0.2186,MINRTDCNENSYLEIHNNEGRDTLCFANAGTMPVAIYGVNWVESGNNVVTLQFQRNLSDPRLETITLQKWGSWNPGHIHEILSIRIY
DRAMP00236,AMP,0.9999,SDCNINSNTAADVILCFNQVGSCALCSPTLVGGPVP
DRAMP00237,Non-AMP,0.2874,DIDITGCSACKYAAG
DRAMP00238,AMP,0.9987,YTAKQCLQAIGSCGIAGTGAGAAGGPAGAFVGAXVVXI
DRAMP00239,AMP,0.9998,TPGGIDFISGGPHVAQDVLNAIKNFFK
DRAMP00240,AMP,0.6526,MRKEFHNVLSSGQLLADKRPARDYNRK
DRAMP00241,AMP,0.9998,KKXXKKVAXTWGNAATAAASGAVKGILG
DRAMP00242,Non-AMP,0.0728,XXKEIXHIFHDN
DRAMP00243,Non-AMP,0.0415,XXKEIXWIFHDN
DRAMP00244,Non-AMP,0.1958,XTPATPFTPAITEITAAVIAX
DRAMP00245,AMP,0.9976,VGALAVVVWLWLWLW
DRAMP00246,AMP,0.9967,VGALAVVVWLFLWLW
DRAMP00247,AMP,0.9842,VGALAVVVWLYLWLW
DRAMP00248,AMP,0.9998,KPAWCWYTLAMCGAGYDSGTCDYMYSHCFGIKHHSSGSSSYHC
DRAMP00249,AMP,0.9829,YSLQMGATAIKQVKKLFKKKGG
DRAMP00250,Non-AMP<b>&nbsp;*</b>,0.0129,DYHHGVRVL
DRAMP00251,Non-AMP,0.0011,ALPKKLKYLNLFNDGFNYMGVV
DRAMP00252,Non-AMP,0.3062,VNPSYRLDPESRPQCEAHCGQLGMRLGAIVIMGTATGCVCEPKEAATPESR
DRAMP00253,AMP,0.9975,DAPGHPGKHYLQVNVPSDVRTIGVAGGGVQQCFRVTPGAWNDTRALVSNGAQVEVWGYTVADCANRTTANQKYYDKAAAPSDSSTYFWFTLKNLRV
DRAMP00254,AMP,0.9804,WFYQGMNIAIYANIGGVANIIGYTEAAVATLLGAVVAVAPVVP
DRAMP00256,AMP,0.5262,KGILGKLGVVQAGVDFVSGVWAGIKQSAKDHPNA
DRAMP00257,AMP,0.9999,MAAFMKLIQFLATKGQKYVSLAWKHKGTILKWINAGQSFEWIYKQIKKLWA
DRAMP00258,AMP,0.9691,MAGFLKVVQILAKYGSKAVQWAWANKGKILDWINAGQAIDWVVEKIKQILGIK
DRAMP00259,Non-AMP,0.0012,MQKPEIISADLGLCAVNEFVALAAIPGGAATFAVCQMPNLDEIVSNAAYV
DRAMP00260,AMP,0.9999,TYYGNGLYCNKEKCWVDWNQAKGEIGKIIVNGWVNH
DRAMP00261,AMP,1.0,GSGPTYCWNEANNPGGPNRCSNNKQCDGARTCSSSGFCQGTSRKPDPGPKGPTYCWDEAKNPGGPNRCSNSKQCDGARTCSSSGFCQGTAGHAAA
DRAMP00263,AMP,1.0,GWWNSWGKCVAGTIGGAGTGGLGGAAAGSAVPVIGTGIGGAIGGVSGGLTGAATFC
DRAMP18195,AMP,0.964,MKTILRFVAGYDIASHKKKTGGYPWERGKA
DRAMP18204,AMP,0.996,SNASVWECCSTGSWVPFTCC
DRAMP18205,AMP,0.9676,SDWSLWECCSTGSLFACC
DRAMP18206,AMP,0.9998,ASGWVCTLTIECGTLVCAC
DRAMP18207,AMP,0.9998,ASGWVCTLTIECGTLVCAC
DRAMP18208,AMP,0.93,VSTLSVSSPCPGWPSSFTWSNC
DRAMP18209,AMP,0.9997,ASSGWVCTLTIECGTVICACR
DRAMP18210,AMP,1.0,SCNCVCGVCCSC
DRAMP18211,Non-AMP,0.3798,TSQTWGSPVP
DRAMP18212,AMP,0.9965,LASTLGISTAAAKKAIDIIDAASTIASIISLIGIVTGAGAISYAIVATAKTMIKKYGKKYAAAW
DRAMP18213,AMP,0.9725,VKLFPVKLFP
DRAMP18214,AMP,0.9994,TTPLCVGVIIGLTTSIKICK
DRAMP18215,AMP,0.9995,TTPLCVGVIIGITASIKICK
DRAMP18216,AMP,1.0,GWGDVLCVAGTIGGAGTGGLGGAAAGSAVPVIGTGIGGAIGGVSGGLTGAATFC
DRAMP18217,Non-AMP,0.0014,WEEYNIIXQLGNKGQ
DRAMP18218,Non-AMP<b>&nbsp;*</b>,0.4253,TVVTNA
DRAMP18219,Non-AMP<b>&nbsp;*</b>,0.3575,TVVTQA
DRAMP18220,Non-AMP<b>&nbsp;*</b>,0.3059,TVYTNA
DRAMP18221,Non-AMP<b>&nbsp;*</b>,0.3189,TVYTQA
DRAMP18222,AMP,1.0,GDCGGTCTWTKDCSICPSWSCWSWSC
DRAMP18223,AMP,1.0,CWSCMGHSCWSCMGHSCWSCAGHSCWSCMGHSCWSCMGHSCWSCAGHCCGSCWHGGM
DRAMP18224,Non-AMP,0.0649,EKYTEAPEYI
DRAMP18225,AMP,0.9993,NKGCAICSIGAACLVDGPIPDFEIAGATGLFGLWG
DRAMP18226,Non-AMP<b>&nbsp;*</b>,0.2779,LLDVLLE
DRAMP18227,Non-AMP<b>&nbsp;*</b>,0.2779,LLDVLLE
DRAMP18228,Non-AMP<b>&nbsp;*</b>,0.2779,LLDVLLE
DRAMP18236,Non-AMP<b>&nbsp;*</b>,0.0282,NRWCFAGDD
DRAMP18237,Non-AMP,0.0649,EKYTEAPEYI
DRAMP18238,Non-AMP,0.0505,EKYTEVPEYI
DRAMP18239,Non-AMP,0.0385,EKYTEAPEYV
DRAMP18240,Non-AMP,0.0225,EKYTEIPEYV
DRAMP18241,AMP,1.0,TWATIGKTIVQSVKKCRTFTCGCSLGSCSNCN
DRAMP18242,Non-AMP,0.0316,EKYTEVPEYV
DRAMP18243,AMP,0.9996,SLGVTLGAAGLYTATQTIATQIWKCGAVLTTSAECSRTGNSC
DRAMP18244,AMP,0.9996,SLGVTLGAAGVYTATQTIATQIWKCGAVLTTSAECSRTGNSC
DRAMP18245,AMP,0.9996,SLGVTLGAAGVYTATQTIATQIWKCGAVLTTSAECSRTGKSC
DRAMP18246,AMP,0.6048,GWVAXVGAXGTAALASGGV
DRAMP18247,AMP<b>&nbsp;*</b>,0.7168,DWTXWSXL
DRAMP18248,AMP<b>&nbsp;*</b>,0.5735,KYGDVPLY
DRAMP18249,AMP,0.998,DWTFANWSCLVCDDCSVNLTV
DRAMP18250,AMP,0.9999,MACQCPDAISGWTHTDYQCHGLENKMYRHVYAICMNGTQVYCRTEWGSSC
DRAMP18251,AMP,0.9999,GDINGEFTTSPACVYSVMVVSKASSAKCAAGASAVSGAILSAIRC
DRAMP18252,AMP,0.9844,GDVMPESTPICAGFATLMSSIGLVKTIKGKC
DRAMP18253,AMP,0.959,KYYGNGLSXNKKGXTVDWGTAIGIIGNNAAANXATGGAAGXNK
DRAMP18255,AMP,0.9991,VAGALGVQTAAATTIVNVILNAGTLVTVLGIIASIASGGAGTLMTIGWATFKATVQKLAKQSMARAIAY
DRAMP18256,Non-AMP,0.0012,GLCAVNEFVALAAIPGGAATFAVCQMPNLDEIVSNAAYV
DRAMP18258,AMP,0.9996,PNWTKIGKCAGSIAWAIGSGLFGGAKLIKIKKYIAELGGLQKAAKLLVGATTWEEKLHAGGYALINLAAELTGVAGIQANCF
DRAMP18259,AMP,0.9961,LGSCVANKIKDEFFAMISISAIVKAAQKKAWKELAVTVLRFAKANGLKTNAIIVAGQLALWAVQCGLS
DRAMP18260,AMP,0.9999,ATYYGNGLYCNKQKCWVDWNKASREIGKIIVNGWVQHGPWAPR
DRAMP18261,AMP,0.9998,MGAIAKLVAKFGWPFIKKFYKQIMQFIGQGWTIDQIEKWLKRH
DRAMP18262,AMP,1.0,MGAIAKLVAKFGWPIVKKYYKQIMQFIGEGWAINKIIDWIKKHI
DRAMP18263,AMP,0.9999,KCPWWNLSCHLGNDGKICTYSHECTAGCNA
DRAMP18264,AMP,0.9988,VTTSIPCTVMVSAAVCPTLVCSNKCGGRG
DRAMP18265,AMP,0.9981,MAKEFGIPAAVAGTVLNVVEAGGWVTTIVSILTAVGSGGLSLLAAAGRESIKAYLKKEIKKKGKRAVIAW
DRAMP18266,AMP,0.9999,TYYGNGLYCNKEKCWVDWNQAKGEIGKIIVNGWVNH
DRAMP18267,AMP,0.9496,GLEESPGHPGQPGPPGPPGAPGP
DRAMP18268,AMP,1.0,ATYYGNGLYCNSKKCWVEWGITGGCLAQYAIGGWLGGAVPGKC
DRAMP18269,AMP,1.0,YSSKDCLKDIGKGIGAGTVAGAAGGGLAAGLGAIPGAFVGAHFGVIGGSAACIGGLLGN
DRAMP18270,AMP,0.9999,KINWGSVGGSCVGGAVIGGALGGLGGAGGGCLTGAIGSIWDQW
DRAMP18271,AMP,0.9995,LTANLGISSYAAKKVIDIINTGSAVATIIALVTAVVGGGLITAGIVATAKSLIKKYGAKYAAAW
DRAMP18272,AMP,0.9987,MAKEFGIPAAVAGTVINVVVAGGWVTTIVSILTAVGSGGLSLLAAAGRESIKAYLKKEIKKKGKRAVIAW
DRAMP18273,AMP,0.9998,KYYGNGVSCNKKGCSVDWGKAIGIIGNNSAANLATGGAAGWKS
DRAMP18276,AMP,0.984,LQSNININTAAAVILIFNQVQVGALCAPTPVSGGGPPP
DRAMP18277,AMP,1.0,DIDITGCSACKYAAGQVCTIGCSAAGGFICGLLGITIPVAGLSCLGFVEIVCTVADEYSGCGDAVAKEACNRAGLC
DRAMP18278,AMP,0.9968,YSYFGGSNGYSWRDKRGHWHYTVTKGGFETVIGIIGDGWGSAGAPGPGQH
DRAMP18279,AMP,0.9859,AYSLQMGATAIKQVKKLFKKWGW
DRAMP18280,AMP,0.9999,VFHAYSARGNYYGNCPANWPSCRNNYKSAGGK
DRAMP18281,AMP,1.0,GRADYNFGYGLGRGTRKFFNGIGRWVRKTF
DRAMP18282,AMP<b>&nbsp;*</b>,0.6029,QWGGG
DRAMP18283,AMP,0.9802,KTKQQFLIKAQTQLFKVFGYTL
DRAMP18284,AMP,0.9987,IYWIADQFGIHLATGTARKLLDAMASGASLGTAFAAILGVTLPAWALAAAGALGATAA
DRAMP18285,AMP,1.0,TNWKKIGKCYAGTLGSAVLGFGAMGPVGYWAGAGVGYASFC
DRAMP18286,AMP,1.0,ECELAKVDGGYTPKNCAMAVGGGMLSGAIRGGMSGTVFGVGTGNLAGAFAGAHIGLVAGGLACIGGYLGSH
DRAMP18287,AMP,0.998,MSYEKLNNEELSKILGGNGINWGAVAGSCASGAVIGAAFGNPLTGCVANSAFSFSWQAFKNRPRPKKIA
DRAMP18288,AMP,1.0,KRGPNCVGNFLGGLFAGAAAGVPLGPAGIVGGANLGMVGGALTCL
DRAMP18289,AMP,0.9998,KRKKHRCRVYNNGMPTGMYRWC
DRAMP18290,AMP,0.9969,IGGALGNALNGLGTWANMMNGGGFVNQWQVYANKGKINQYRPY
DRAMP18291,AMP,0.9997,LAMVKYYGNGVSCNWRKHSCKKGLSVDWVYFGLLHNLGALRWYQHR
DRAMP18292,AMP,0.9996,FKKKKRNIGTFVFFAIALFCTVMFAYLLLTNQYVPIDYNVPRYA
DRAMP18293,AMP,1.0,KGGSGVIHTISHEVIYNSWNFVFTCCS
DRAMP18294,AMP,0.9878,ALQFIQNTASGALYYNTKTHKYQYQQTSGA
DRAMP18295,AMP,0.9989,WXIGVTGAALGTGKGVKNVI
DRAMP18296,Non-AMP,0.285,WXAVFXNMAKYMFKSQSKXVVIGFLVAS
DRAMP18297,AMP<b>&nbsp;*</b>,0.7592,ISVCITVC
DRAMP18298,AMP,1.0,CCSCSCSTCTCTCTCASSAATKM
DRAMP18299,Non-AMP,0.0742,WNDTGKDADGAEY
DRAMP18301,AMP,0.9961,SCTTCECSCSCSS
DRAMP18302,AMP,0.9999,SCNCVCGFCCSCSPSA
DRAMP18303,AMP,1.0,VLSIVACSSGCGSGKTAASCVETCGNRCFTNVGSLC
DRAMP18304,AMP,1.0,VLSIVACSSGCGSGKTAASCVETCGNRCFTNVGSLC
DRAMP18305,AMP,0.7956,KVTKSVKSIPVKI
DRAMP18306,Non-AMP,0.0077,KYYGNGVTXGKHSXXVDXG
DRAMP18307,AMP,0.9989,APVPFSCTRGCLTHLV
DRAMP18308,Non-AMP,0.3242,MGISSPALPQNTADLFQLDLEIGVEQSLASPAITSVSWCTPGCTSEGGGSGCSHCC
DRAMP18309,AMP<b>&nbsp;*</b>,0.7534,WAIVLL
DRAMP18310,AMP<b>&nbsp;*</b>,0.8897,ITVCISVC
DRAMP18311,AMP<b>&nbsp;*</b>,0.9303,VTACITFC
DRAMP18312,AMP,1.0,MTDANVDARRARAPHGISGAIAGVVAGCAATIEIGCVEGAIAGIGPSGIASMIAALWTCRSKYRRFSSGSGYVMLLSWSAEFVFGYFIGCRCGFLLSQK
DRAMP18313,AMP,0.9914,TPALAVVTTVLPAAAVTTAKSV
DRAMP18314,AMP,0.9998,MGKLAIKAGKIIGGGIASALGWAAGEKAVGK
DRAMP18315,AMP,0.9996,MGAVAKFLGKAALGGAAGGATYAGLKKIFG
DRAMP18316,AMP,1.0,MGALIKTGAKIIGSGAAGGLGTYIGHKILGK
DRAMP18317,AMP,0.9999,MGAVIKVGAKVIGWGAASGAGLYGLEKILKK
DRAMP18318,AMP,0.9999,ITSFIGCTPGCGKTGSFNSFCC
DRAMP18319,AMP,0.9999,ITSHSLCTPGCAKTGSFNSFCC
DRAMP18320,AMP,1.0,SASIVKTTIKASKKLCRGFTLTCGCHFTGKK
DRAMP18321,AMP,0.9999,MAAFMKLIQFLATKGQKYVSLAWKRKGTILKWINAGQSFEWIYKQIKKLWA
DRAMP18322,AMP,0.9742,ITPATPFTPAIITEITAAVIA
DRAMP18323,AMP,0.9997,KKKSGVIPTVSHDCHMNSFQFVFTCCS
DRAMP18324,AMP,0.9997,MQFITDLIKKAVDFFKGLFGNK
DRAMP18325,AMP,0.9998,MAADIISTIGDLVKLIINTVKKFQK
DRAMP00021,AMP,0.9999,TTWPCATVGVSVALCPTTKCTSQC
DRAMP00022,AMP,0.9999,CSTNTFSLSDYWGNKGNWCTATHECMSWCK
DRAMP00023,AMP,1.0,GTPLALLGGAATGVIGYISNQTCPTTACTRAC
DRAMP00024,AMP,0.9995,TTPACFTIGLGVGALFSAKFC
DRAMP00025,AMP,0.9999,TTPVCAVAATAAASSAACGWVGGGIFTGVTVVVSLKHC
DRAMP00026,AMP,0.9998,KRGSGWIATITDDCPNSVFVCC
DRAMP00027,AMP,0.9999,GGGVIQTISHECRMNSWQFLFTCCS
DRAMP00028,AMP,1.0,IASKFICTPGCAKTGSFNSYCC
DRAMP00029,AMP,1.0,GKNGVFKTISHECHLNTWAFLATCCS
DRAMP00031,Non-AMP<b>&nbsp;*</b>,0.2801,GSEIQPR
DRAMP00032,AMP,1.0,GNGVLKTISHECNMNTWQFLFTCC
DRAMP00033,AMP,1.0,ASIVKTTIKASKKLCRGFTLTCGCHFTGKK
DRAMP00034,AMP,0.9998,SASVLKTSIKVSKKYCKGVTLTCGCNITGGK
DRAMP00035,AMP,1.0,ASIIKTTIKVSKAVCKTLTCICTGSCSNCK
DRAMP00036,AMP,1.0,ITSISLCTPGCKTGALMGCNMKTATCHCSIHVSK
DRAMP00037,AMP,1.0,ITSISLCTPGCKTGALMGCNMKTATCNCSIHVSK
DRAMP00038,AMP,0.9999,ITSKSLCTPGCKTGILMTCPLKTATCGCHFG
DRAMP00039,AMP,1.0,TAGPAIRASVKQCQKTLKATRLFTVSCKGKNGCK
DRAMP00040,AMP,1.0,IASKFLCTPGCAKTGSFNSYCC
DRAMP18326,AMP,0.6496,NGEWGYVVTKGAFQATTDVIANGWVSSLGGGYFGKP
DRAMP18327,AMP,0.9997,ESISVAGGTWNYGYGVGQAYSHYKHDYNNHGAKVVNSNNGVKDYKNAGPGVWAKASIGTVWDPATFYYNPTGFYSN
DRAMP18328,AMP,1.0,KNNWQTNVLEGGGAAFGGWGLGTAICAASGVGAPFMGACGYIGAKFGVDLWAGVTGATGGF
DRAMP18329,AMP,0.9985,NSGGAAVVAALGCAAGGVKYGRLLGPWGAAIG
DRAMP18330,AMP,0.9998,CCCCCTTCCFSIATGSGNSQGGSGSYTPGK
DRAMP18331,AMP,1.0,GKNGVFKTISHECHLNTWAFLATCCS
DRAMP18332,AMP,0.8821,GTTVVNSTFSIVLGNKGYICTVTVECMRNCQ
DRAMP18333,AMP,0.9994,STPACAIGVVGITVAVTGISTACTSRCINK
DRAMP18334,AMP,0.9998,MWGRILAFVAKYGTKAVQWAWKNKWFLLSLGEAVFDYIRSIWGG
DRAMP18335,AMP,1.0,GNGVFKTISHECHLNTWAFLATCCS
DRAMP18336,AMP,1.0,ADRGWIKTLTKDCPNVISSICAGTIITACKNCA
DRAMP18337,Non-AMP<b>&nbsp;*</b>,0.2398,ATQSHQ
DRAMP18338,AMP,0.9999,STNCFCYICCSCSS
DRAMP18339,AMP,0.8198,GFIGWGNNIFGHYSGDF
DRAMP18340,Non-AMP,0.0987,WNDTGKDADGSEY
DRAMP18341,Non-AMP,0.0987,WNDTGKDADGSEY
DRAMP18342,AMP,0.9998,GLPWGCPSDIPGWNTPWAC
DRAMP18343,AMP,0.9998,GLPWGCPSDIPGWNTPWAC
DRAMP18344,AMP,1.0,CLGIGSCNNFAGCGYAVVCFW
DRAMP18345,AMP,1.0,CLGIGSCNNFAGCGYAVVCFW
DRAMP18346,AMP,0.6957,ITPLATLATPEATPVGFAATSATAAAVNMITHDVTRH
DRAMP18347,AMP,1.0,CLGVGSCNDFAGCGYAIVCFW
DRAMP18348,Non-AMP,0.2147,GNWHGTAPDWFFNYYW
DRAMP18349,AMP,1.0,CLGVGSCNDFAGCGYAVVCFW
DRAMP18350,AMP,1.0,CLGIGSCNDFAGCGYAIVCFW
DRAMP18351,AMP,0.7919,EDGLHPRLCSC
DRAMP18352,AMP,0.9999,ATYYGNGVYCNKQECWVDWNKASKEIGKIIVNGWVQHGPWAPR
DRAMP18353,Non-AMP,0.0109,ENDHRMPYELNRPNNLSKGGAKCGAAIA
DRAMP18354,AMP,0.9999,ITSFSLCTPGCAKTGSFNSYCC
DRAMP18355,AMP,0.9999,MAAFMKLIQFLATKGQKYVSLAWKHKGTILKWINAGQSFEWIYKQIKKLWA
DRAMP18356,AMP,0.9998,MAGLLRFLLSKGRALYNWAKSHVGKVWEWLKSGATYEQIKEWIENALGWR
DRAMP18357,AMP,1.0,ASVVKTTIKASKKLCKGATLTCGCNITGKK
DRAMP18654,AMP,0.529,GIIKVIKSLIEQFTGK
DRAMP18655,AMP,0.9887,VGTIIKIIKAIIDIFAK
DRAMP18656,Non-AMP<b>&nbsp;*</b>,0.1876,MRTGNAD
DRAMP18657,AMP,0.7954,GDGTGPGPGP
DRAMP20762,AMP,0.9999,SDCNINSNTAADVILCFNQVGSCALCSPTLVGGPVP
DRAMP20763,AMP,1.0,DIDITGCSACKYAAGQVCTIGCSAAGGFICGLLGITIPVAGLSCLGFVEIVCTVADEYSGCGDAVAKEACNRAGLC
DRAMP20764,AMP,0.9919,LQSNININTAAAVILIFNQVQVGALCAPTPVSGGGPVP
DRAMP20765,AMP,0.9992,DIDITGCSACKYAAGQVCTIGCSAAGGFICGLLGITIPVAGLSSLGFFVITCTTSADYYSIPDSNAAK
DRAMP18358,AMP,0.9999,ATPTITTSSATCGGIIVAASAAQCPTLACSSRCGKRKK
DRAMP18359,AMP,0.9999,KCSWWNASCHLGNNGKICTVSHECAAGCNL
DRAMP18360,AMP,1.0,VLSIVACSSGCGSGKTAASCVATCGNKCFTNVGSLC
DRAMP18361,AMP,0.6347,APKGVQGPNG
DRAMP18362,AMP,0.9998,CEWYNISCQLGNKGQWCTLTKECQRSCK
DRAMP18363,AMP,1.0,CVWGGDCTDFLGCGTAWICV
DRAMP18364,AMP,1.0,WTTIVKVSKAVCKTGTCICTTSCSNCK
DRAMP18365,AMP,0.9993,INTWNTTATSTSIIISETFGNKGKVCTYTVECVNNCRG
DRAMP18366,AMP,0.9816,GFGSKPIDSFGLSWL
DRAMP18367,AMP,0.9563,GFGSKPLDSFGLNFF
DRAMP18368,Non-AMP,0.0702,SMSGFSKPHD
DRAMP00041,AMP,1.0,FKSWSLCTPGCARTGSFNSYCC
DRAMP00042,AMP,1.0,FKSWSFCTPGCAKTGSFNSYCC
DRAMP00043,AMP,0.9988,KKKSGVIPTVSHDCHMNTFQFMFTCCS
DRAMP00044,AMP,0.9997,KKKSGVIPTVSHDCHMNSFQFVFTCCS
DRAMP00046,AMP,0.9999,GSRYLCTPGSCWKLVCFTTTVK
DRAMP00047,AMP,0.9998,VGSRYLCTPGSCWKLVCFTTTVK
DRAMP00048,AMP,1.0,WKSESLCTPGCVTGALQTCFLQTLTCNCKISK
DRAMP00049,AMP,1.0,KGGSGVIHTISHECNMNSWQFVFTCCS
DRAMP00051,AMP,0.9997,FSSLSLCSLGCTGVKNPSFNSYCC
DRAMP00052,AMP,1.0,NRWWQGVVPTVSYECRMNSWQHVFTCC
DRAMP00053,AMP,1.0,ITSISLCTPGCKTGALMGCNMKTATCNCSVHVSK
DRAMP00054,AMP,1.0,ITSISLCTPGCKTGVLMGCNLKTATCNCSVHVSK
DRAMP00055,AMP,0.9995,ITSVSWCTPGCTSEGGGSGCSHCC
DRAMP00056,AMP,0.9999,CVQSCSFGPLTWSCDGNTK
DRAMP00057,AMP,0.9998,CKQSCSFGPFTFVCDGNTK
DRAMP00058,AMP,0.9999,CRQSCSFGPLTFVCDGNTK
DRAMP00059,AMP,0.9993,CANSCSYGPLTWSCDGNTK
DRAMP00060,AMP,0.9999,CRQSCSFGPFTFVCDGNTK
DRAMP00061,AMP,0.9998,ASGWVCTLTIECGTVICAC
DRAMP00062,AMP,0.9994,CTFTLPGGGGVCTLTSECIC
DRAMP00063,AMP,0.9997,SSSGWLCTLTIECGTIICACR
DRAMP00064,AMP,0.9999,MSKRDCNLMKACCAGQAVTYAIHSLLNRLGGDSSDPAGCNDIVRKYCK
DRAMP00065,AMP,0.9998,KKKKKKVACTWGNAATAAASGAVXGILGGPTGALAGAIWGVSQCASNNLHGMH
DRAMP00066,AMP,0.9448,AGFLKVVQLLAKYGSKAVQWAWANKGKILDWLNAGQAIDWVVSKIKQILGIK
DRAMP00067,AMP,0.9969,KNYGNGVHCTKKGCSVDWGYAATNIANNSVMNGLTG
DRAMP00068,AMP,1.0,MSWLNFLKYIAKYGKKAVSAAWKYKGKVLEWLNVGPTLEWVWQKLKKIAGL
DRAMP00069,AMP,0.9989,EYHLMNGANGYLTRVNGKTVYRVTKDPVSAVFGVISNCWGSAGAGFGPQH
DRAMP00070,AMP,0.9998,ACQCPDAISGWTHTDYQCHGLENKMYRHVYAICMNGTQVYCRTEWGSSC
DRAMP00071,AMP,0.9993,KTVNYGNGLYCNQKKCWVNWSETATTIVNNSIMNGLTGGNAGWHSGGRA
DRAMP00072,AMP,0.9901,AYPGNGVHCGKYSCTVDKQTAIGNIGNNAA
DRAMP00073,AMP,0.9989,KNYGNGVYCNKHKCSVDWATFSANIANNSVAMAGLTGGNAGNK
DRAMP00074,AMP,0.9998,ATRSYGNGVYCNNSKCWVNWGEAKENIAGIVISGWASGLAGMGH
DRAMP00075,AMP,0.9907,ATRSYGNGVYCNNSKCWNVGEAKENIAGIVISGKASGL
DRAMP00076,AMP,0.9999,KYYGNGVSCNKKGCSVDWGKAIGIIGNNSAANLATGGAAGWSK
DRAMP00077,AMP,0.9998,KYYGNGVSCNKKGCSVDWGKAIGIIGNNSAANLATGGAAGWKS
DRAMP00078,AMP,0.9995,KNYGNGVHCTKKGCSVDWGYAWTNIANNSVMNGLTGGNAGWHN
DRAMP00079,AMP,1.0,ATYYGNGLYCNKEKCWVDWNQAKGEIGKIIVNGWVNHGPWAPRR
DRAMP00080,AMP,0.9999,ARSYGNGVYCNNKKCWVNRGEATQSIIGGMISGWASGLAGM
DRAMP00081,AMP,0.9614,KYYGNGVHCTKSGCSVNWGEAFSAGVHRLANGGNGFW
DRAMP00082,AMP,1.0,TKYYGNGVYCNSKKCWVDWGQAAGGIGQTVVXGWLGGAIPGK
DRAMP00083,Non-AMP,0.4304,KYYGNGVHXGKHSXTVDWGTAIGNIGNNAAANXATGXNAGG
DRAMP00084,Non-AMP,0.2079,KYYGNGVTCGKHSXSVDWXKXT
DRAMP00085,AMP,0.8015,TSYGNGVHCNKSKCWIDVSELETYKAGTVSNPKDILWSLKE
DRAMP00086,AMP,1.0,TKYYGNGVYCNSKKCWVDWGTAQGCIDVVIGQLGGGIPGKGKC
DRAMP00088,AMP,1.0,KYYGNGVSCNKKGCSVDWGKAIGIIGNNAAANLTTGGKAAWAC
DRAMP00089,AMP,1.0,TTKNYGNGVCNSVNWCQCGNVWASCNLATGCAAWLCKLA
DRAMP00090,AMP,0.9995,VNYGNGVSCSKTKCSVNWGQAFQERYTAGINSFVSGVASGAGSIGRRP
DRAMP00091,AMP,0.9983,AISYGNGVYCNKEKCWVNKAENKQAITGIVIGGWASSLAGMGH
DRAMP00092,AMP,0.8989,ATYYGNGLYCNKQKHYTWVDWNKASREIGKIIVNGWVQH
DRAMP00093,Non-AMP,0.0003,FVYGNGVTSILVQAQFLVNGQRRFFYTPDK
DRAMP00094,AMP,0.999,VNYGNGVSCSKTKCSVNWGIITHQAFRVTSGVASG
DRAMP00095,AMP,0.9831,KYYGNGVHCTKSGCSVNWGEAASAGIHRLANGGNGFW
DRAMP00096,AMP,0.9999,KYYGNGVTCGKHSCSVDWGKATTCIINNGAMAWATGGHQGNHKC
DRAMP00097,AMP,0.9407,TSYGNGVHCNKSKCWIDVSELETYKAGTVSNPKDILW
DRAMP00099,AMP,0.9987,KYYGNGLSCNKSGCSVDWSKAISIIGNNAVANLTTGGAAGWKS
DRAMP00100,AMP,0.9999,KYYGNGVSCNSHGCSVNWGQAWTCGVNHLANGGHGVC
DRAMP00101,AMP,0.9999,KYYGNGVHCGKHSCTVDWGTAIGNIGNNAAANWATGGNAGWNK
DRAMP00102,AMP,0.9997,KYYGNGVSCNKNGCTVDWSKAIGIIGNNAAANLTTGGAAGWNKG
DRAMP00103,AMP,0.9995,KTYYGTNGVHCTKNSLWGKVRLKNMKYDQNTTYMGRLQDILLGWATGAFGKTFH
DRAMP00105,AMP,0.9999,SNDSLWYGVGQFMGKQANCITNHPVKHMIIPGYCLSKILG
DRAMP00106,AMP,0.9937,IAPIIVAGLGYLVKDAWDHSDQIISGFKKGWNGGRRK
DRAMP00107,AMP,0.9996,TNYGNGVGVPDAIMAGIIKLIFIFNIRQGYNFGKKAT
DRAMP00108,AMP,0.999,KNYGNGVHCTKKGCSVDWGYAWANIANNSVMNGLTGGNAGWHN
DRAMP00109,AMP,0.9998,KYYGNGLSCSKKGCTVNWGQAFSCGVNRVATAGHGK
DRAMP00110,AMP,1.0,KYYGNGVTCGKHSCSVNWGQAFSCSVSHLANFGHGKC
DRAMP00111,AMP,1.0,KYYGNGVHCGKKTCYVDWGQATASIGKIIVNGWTQHGPWAHR
DRAMP00113,AMP,1.0,TTHSGKYYGNGVYCTKNKCTVDWAKATTCIAGMSIGGFLGGAIPGKC
DRAMP00114,AMP,0.9999,KSYGNGVHCNKKKCWVDWGSAISTIGNNSAANWATGGAAGWKS
DRAMP00116,AMP,0.9996,FTPSVSFSQNGGVVEAAAQRGYIYKKYPKGAKVPNKVKMLVNIRGKQTMRTCYLMSWTASSRTAKYYYYI
DRAMP00119,AMP,0.9999,KSYGNGVQCNKKKCWVDWGSAISTIGNNSAANWATGGAAGWKS
DRAMP00121,AMP,0.9999,ATYYGNGVYCNKQKCWVDWSRARSEIIDRGVKAYVNGFTKVLGGIGGR
DRAMP00122,AMP,0.9996,TYYGNGVSCNKKGCSVDWGKAISIIGNNSAANLATGGAAGWKS
DRAMP00123,AMP,1.0,TKYYGNGVYCNSKKCWVDWGQASGCIGQTVVGGWLGGAIPGKC
DRAMP00124,AMP,0.9999,KYYGNGVTCGKHSCSVDWGKATTCIINNGAMAWATGGHQGTHKC
DRAMP00125,AMP,0.9983,KYYGNGVTCGLHDCRVDRGKATCGIINNGGMWGDIG
DRAMP00126,AMP,0.9998,FNRGGYNFGKSVRHVVDAIGSVAGIRGILKSIR
DRAMP00127,AMP,0.9933,VFHAYSARGVRNNYKSAVGPADWVISAVRGFIHG
DRAMP00128,AMP,0.999,GAWKNFWSSLRKGFYDGEAGRAIRR
DRAMP00129,AMP,0.998,RRSRKNGIGYAIGYAFGAVERAVLGGSRDYNK
DRAMP00130,AMP,0.9999,SIWGDIGQGVGKAAYWVGKAMGNMSDVNQASRINRKKKH
DRAMP00131,AMP,0.9905,KKWGWLAWVEPAGEFLKGFGKGAIKEGNKDKWKNI
DRAMP00132,AMP,0.9998,GTWDDIGQGIGRVAYWVGKALGNLSDVNQASRINRKKKH
DRAMP00133,AMP,0.995,KKWGWLAWVDPAYEFIKGFGKGAIKEGNKDKWKNI
DRAMP00134,AMP,0.9313,SVPTSVYTLGIKILWSAYKHRKTIEKSFNKGFYH
DRAMP00135,AMP,0.9963,LTTKLWSSWGYYLGKKARWNLKHPYVQF
DRAMP00136,AMP,1.0,NRWYCNSAAGGVGGAAVCGLAGYVGEAKENIAGEVRKGWGMAGGFTHNKACKSFPGSGWASG
DRAMP00137,Non-AMP,0.1424,KKKKQSWYAAAGDAIVSFGEGFLNAW
DRAMP00138,AMP,0.9951,NPKVAHCASQIGRSTAWGAVSGA
DRAMP00139,AMP,0.9965,GNPKVAHCASQIGRSTAWGAVSGA
DRAMP00140,AMP,1.0,RNNWQTNVGGAVGSAMIGATVGGTICGPACAVAGAHYLPILWTAVTAATGGFGKIRK
DRAMP00141,AMP,0.9999,NRWGDTVLSAASGAGTGIKACKSFGPWGMAICGVGGAAIGGYFGYTHN
DRAMP00142,AMP,1.0,RNNWAANIGGVGGATVAGWALGNAVCGPACGFVGAHYVPIAWAGVTAATGGFGKIRK
DRAMP00143,AMP,0.9111,KSSAYSLQMGATAIKQVKKLFKKWGW
DRAMP00144,AMP,1.0,NRWTNAYSAALGCAVPGVKYGKKLGGVWGAVIGGVGGAAVCGLAGYVRKG
DRAMP00145,AMP,0.9608,GMSGYIQGIPDFLKGYLHGISAANKHKKGRL
DRAMP00146,AMP,1.0,KRGPNCVGNFLGGLFAGAAAGVPLGPAGIVGGANLGMVGGALTCL
DRAMP00147,AMP,1.0,KNGYGGSGNRWVHCGAGIVGGALIGAIGGPWSAVAGGISGGFTSCR
DRAMP00148,AMP,0.9998,LSCDEGMLAVGGLGAVGGPWGAAVGVLVGAALYCF
DRAMP00150,AMP,1.0,KNGYGGSGNRWVHCGAGIVGGALIGAIGGPWSAVAGGISGGFASCH
DRAMP00151,AMP,0.9998,ESVFSKIGNAVGPAAYWILKGLGNMSDVNQADRINRKKH
DRAMP00152,AMP,0.9999,GPGKWLPWLQPAYDFVTGLAKGIGKEGNKNKWKNV
DRAMP00153,AMP,0.9999,KVSGGEAVAAIGICATASAAIGGLAGATLVTPYCVGTWGLIRSH
DRAMP00154,AMP,0.9999,DKQAADTFLSAVGGAASGFTYCASNGVWHPYILAGCAGVGAVGSVVFPH
DRAMP00155,AMP,1.0,YSSKDCLKDIGKGIGAGTVAGAAGGGLAAGLGAIPGAFVGAHFGVIGGSAACIGGLLGN
DRAMP00156,AMP,1.0,KINWGNVGGSCVGGAVIGGALGGLGGAGGGCITGAIGSIWDQW
DRAMP00157,AMP,0.9985,RNKLAYNMGHYAGKATIFGLAAWALLA
DRAMP00158,AMP,0.9647,GMSGYIQGIPDFLKGYLHGISAANKHKKGRLGY
DRAMP00159,AMP,0.9989,GFWGGLGYIAGRVGAAYGHAQASANNHHSPING
DRAMP00160,AMP,0.8632,YSGKDXLKDMGGYALAGAGSGALXGAPAGXVGALPGAFVGAHVGAIAG
DRAMP00161,AMP,1.0,QINWGSVVGHCIGGAIIGGAFSGGAAAGVGCLVGSGKAIINGL
DRAMP00162,AMP,1.0,GNAACVIGCIGSCVISEGIGSLVGTAFTLG
DRAMP00163,AMP,0.9998,GWVACVGACGTVCLASGGVGTEFAAASYFL
DRAMP00164,AMP,0.983,LAGYTGIASGTAKKVVDAIDKGAAAFVIISIISTVISAGALGAVSASADFIILTVKNYISRNLKAQAVIW
DRAMP00165,AMP,0.9987,IYWIADQFGIHLATGTARKLLDAMASGASLGTAFAAILGVTLPAWALAAAGALGATAA
DRAMP00166,AMP,0.9985,IYFIADKMGIQLAPAWYQDIVNWVSAGGTLTTGFAIIVGVTVPAWIAEAAAAFGIASA
DRAMP00167,AMP,0.9991,NKGCATCSIGAACLVDGPIPDFEIAGATGLFGLWG
DRAMP00168,AMP,0.9999,AAPKITQKQKNCVNGQLGGMLAGALGGPGGVVLGGIGGAIAGGCFN
DRAMP00169,AMP,0.9988,MAKEFGIPAAVAGTVINVVEAGGWVTTIVSILTAVGSGGLSLLAAAGRESIKAYLKKEIKKKGKRAVIAW
DRAMP00170,AMP,0.9999,LVAYGIAQGTAEKVVSLINAGLTVGSIISILGGVTVGLSGVFTAVKAAIAKQGIKKAIQL
DRAMP00171,AMP,0.9999,LIDHLGAPRWAVDTILGAIAVGNLASWVLALVPGPGWAVKAGLATAAAIVKHQGKAAAAAW
DRAMP00172,AMP,1.0,LVATGMAAGVAKTIVNAVSAGMDIATALSLFSGAFTAAGGIMALIKKYAQKKLWKQLIAA
DRAMP00173,AMP,0.9973,LVNQLGISKSLANTILGAIAVGNLASWVLALVPGPGWATKAALATAETIVKHEGKAAAIAW
DRAMP00175,AMP,1.0,MGAIAKLVAKFGWPIVKKYYKQIMQFIGEGWAINKIIEWIKKHI
DRAMP00176,AMP,0.9997,MGAIAKLVTKFGWPLIKKFYKQIMQFIGQGWTIDQIEKWLKRH
DRAMP00177,AMP,1.0,ENDHRMPNNLNRPNNLSKGGAKCGAAIAGGLFGIPKGPLAWAAGLANVYSKCN
DRAMP00178,AMP,0.9953,MLAKIKAMIKKFPNPYTLAAKLTTYEINWYKQQYGRYPWERPVA
DRAMP00179,AMP,0.9951,MNFLKNGIAKWMTGAELQAYKKKYGCLPWEKISC
DRAMP00180,AMP,0.9999,SLQYVMSAGPYTWYKDTRTGKTICKQTIDTASYTFGVMAEGWGKTFH
DRAMP00001,AMP,0.9995,GSGVIPTISHECHMNSFQFVFTCCS
DRAMP00002,AMP,1.0,WKSESVCTPGCVTGLLQTCFLQTITCNCKISK
DRAMP00003,AMP,1.0,ADRGWIKTLTKDCPNVISSICAGTIITACKNCA
DRAMP00004,AMP,0.9936,MNNTIKDFDLDLKTNKKDTATPYVGSRYLCTPGSCWKLVCFTTTVK
DRAMP00005,AMP,0.9999,SLGPAIKATRQVCPKATRFVTVSCKKSDCQ
DRAMP00006,AMP,0.9999,GNGVIKTISHECHMNTWQFIFTCCS
DRAMP00008,AMP,0.9994,CSTNTFSLSDYWGNNGAWCTLTHECMAWCK
DRAMP00009,AMP,0.9751,TTPATPAISILSAYISTNTCPTTKCTRAC
DRAMP00010,AMP,0.9995,KCKWWNISCDLGNNGHVCTLSHECQVSCN
DRAMP00011,AMP,1.0,SGIPCTIGAAVAASIAVCPTTKCSKRCGKRKK
DRAMP00012,AMP,0.9995,TITLSTCAILSKPLGNNGYLCTVTKECMPSCN
DRAMP00013,AMP,0.9993,TTPATTSSWTCITAGVTVSASLCPTTKCTSRC
DRAMP00014,AMP,1.0,VTSKSLCTPGCITGVLMCLTQNSCVSCNSCIRC
DRAMP00015,AMP,1.0,STIVCVSLRICNWSLRFCPSFKVRCPM
DRAMP00016,AMP,0.9996,GNGVVLTLTHECNLATWTKKLKCC
DRAMP00017,AMP,1.0,VTSWSLCTPGCTSPGGGSNCSFCC
DRAMP00018,AMP,0.9895,GTTVVNSTFSIVLGNKGYICTVTVECMRNCSK
DRAMP00019,AMP,0.9994,STPACAIGVVGITVAVTGISTACTSRCINK
DRAMP00020,AMP,0.9999,CAWYNISCRLGNKGAYCTLTVECMPSCN
