sequence	Net charge at pH 7
DRAMP00181|Lactococcin-A (LCN-A; Bacteriocin)|Antimicrobial, Antibacterial|1901707##1904860	1.0167509338989023
DRAMP00182|Thuricin-S (Bacteriocin)|Antimicrobial, Antibacterial, Anti-Gram+, Anti-Gram-|17496978	-2.2458681529966524
DRAMP00183|Thuricin-17 (Thurincin H; Bacteriocin)|Antimicrobial, Antibacterial, Anti-Gram+|1908301##216478494##19732155##21786372	-2.275571123293682
DRAMP00184|Lactococcin 972 (Lcn972; homodimer; Bacteriocin)|Antimicrobial, Antibacterial|10589723##21818877##PubMed ID is not available	4.180434585938384
DRAMP00185|Leucocin-B (Leu B; Leucocin B-TA33a; Bacteriocin)|Antimicrobial, Antibacterial|9611809	5.842270797548884
DRAMP00186|LSEI_2163 (m2163; Bacteriocin; Predicted)|Antimicrobial, Antibacterial, Anti-Gram-|22688903	2.8255875802887114
DRAMP00187|LSEI_2386 (m2386; Bacteriocin; Predicted)|Antimicrobial, Antibacterial, Anti-Gram-|22688903	1.7614358953108313
DRAMP00188|Enterocin RJ-11 (EntRJ-11; Bacteriocin)|Antimicrobial, Antibacterial, Anti-Gram+|14532021	6.791662043134287
DRAMP00189|Leucocin Q (Bacteriocin)|Antimicrobial, Antibacterial, Anti-Gram+|20070442	4.841637076372415
DRAMP00190|Leucocin N (Bacteriocin)|Antimicrobial, Antibacterial, Anti-Gram+|20070442	5.669558497089613
DRAMP00191|Microcin J25 (MccJ25; Bacteriocin)|Antimicrobial, Antibacterial, Anti-Gram-|1429464##10092860##14531690##14531661	-1.1519117375809023
DRAMP00192|Microcin C7 (MccC7; Microcin C51, MccC51; Bacteriocin)|Antimicrobial, Antibacterial, Anti-Gram-|17827970##17711420##19494832	0.5003446876413439
DRAMP00193|Microcin B17 (MccB17; Bacteriocin)|Antimicrobial, Antibacterial|1846808##3329729	-0.21844138218630027
DRAMP00194|Capistruin (Bacteriocin)|Antimicrobial, Antibacterial|18671394	0.7612023753291453
DRAMP00195|Colicin-V (Microcin-V; Bacteriocin)|Antimicrobial, Antibacterial, Anti-Gram-|8204625##7952189##2249654	-0.13378400311739913
DRAMP00196|Microcin L (MccL; Bacteriocin; Predicted)|Antimicrobial, Antibacterial, Anti-Gram-|14742202##12897830	-3.2715929214227337
DRAMP00197|Microcin 24 (Mcc24; Bacteriocin)|Antimicrobial, Antibacterial, Anti-Gram-|PubMed ID is not available	1.8860727582635688
DRAMP00198|Microcin H47 (MccH47; Bacteriocin)|Antimicrobial, Antibacterial|10471561##11181394	-0.23989838581069733
DRAMP00199|Microcin I47 (MccI47; Bacteriocin)|Antimicrobial, Antibacterial|16569859	-2.509069262694292
DRAMP00200|Microcin M (MccM; Bacteriocin)|Antimicrobial, Antibacterial|PubMed ID is not available	-2.148559454661369
DRAMP00201|Amythiamicin A/B (Bacteriocin)|Antimicrobial, Antibacterial, Anti-Gram+|8040071	-0.5992594813764603
DRAMP00202|Thiocillin (Bacteriocin)|Antimicrobial, Antibacterial|819410##7328054	-0.5992594813764603
DRAMP00203|Thiocillin GE2270 (Antibiotic GE2270; Bacteriocin)|Antimicrobial, Antibacterial|1908853	-0.5992594813764603
DRAMP00204|Thiocillin GE37468 (Antibiotic GE37468; Bacteriocin)|Antimicrobial, Antibacterial, Anti-Gram+|21788474	-0.5903574922764515
DRAMP00205|Tricyclic peptide RP 71955 (Bacteriocin)|Antimicrobial, Antiviral|8270499##8286361	-1.2793805862658933
DRAMP00206|Acidocin A (Bacteriocin; Predicted)|Antimicrobial, Antibacterial, Anti-Gram+|7793908	9.90475976065129
DRAMP00207|Acidocin B (Bacteriocin; Predicted)|Antimicrobial, Antibacterial, Anti-Gram+|7551031	-0.15249067757442392
DRAMP00208|Acidocin 8912 (Bacteriocin)|Antimicrobial, Antibacterial|8554765##1368836	1.8462020204619392
DRAMP00209|Fulvocin C (Bacteriocin)|Unknown|6783114	-1.2862085759941513
DRAMP00211|Sublancin-168 (Bacteriocin)|Unknown|10376821	2.7085786618962495
DRAMP00212|Rhamnosin A (Bacteriocin)|Antimicrobial, Antibacterial, Anti-Gram+|19796123	-0.19802228852455706
DRAMP00213|Lactocin S (Bacteriocin)|Antimicrobial, Antibacterial|1872611##7961627	-0.3853719255541961
DRAMP00214|Lactococcin K (Bacteriocin)|Antimicrobial, Antibacterial|16614924	-1.4995235525178117
DRAMP00215|Enterocin E-760 (Bacteriocin)|Antimicrobial, Antibacterial, Anti-Gram+|18086839	2.819990212272484
DRAMP00216|Antimicrobial peptide LCI (Bacteriocin)|Antimicrobial, Antibacterial|PubMed ID is not available##21449609	2.7920473227568205
DRAMP00217|Bacteriocin|Antimicrobial, Antibacterial|PubMed ID is not available	-0.20412541214591307
DRAMP00218|Plantazolicin (PZN; Bacteriocin)|Antimicrobial, Antibacterial, Anti-Gram+|20971906	0.7402896340912819
DRAMP00219|PlnA-22 (Bacteriocin)|Antimicrobial, Antibacterial, Anti-Gram+|15805109	4.754107608195298
DRAMP00220|PlnA-17 (Bacteriocin)|Antimicrobial, Antibacterial, Anti-Gram+|15805109	4.755106609194298
DRAMP00221|Carnobacteriocin-A (Piscicolin-61; Bacteriocin)|Antimicrobial, Antibacterial, Anti-Gram+|8012574##7764997	1.7375461508759678
DRAMP00222|Microcin E492 (MccE492; Bacteriocin)|Antimicrobial, Antibacterial, Anti-Gram-|12890026##15102848##7682973	-4.147550453762368
DRAMP00224|BTL (Bacteriocin)|Antimicrobial, Antifungal|18241956	-1.2352764628632777
DRAMP00225|Bacteriocin UviB|Antimicrobial, Antibacterial|2901768##2460717	-2.225051418094491
DRAMP00226|Bioactive peptide 3 (BAP3; Curvalicin-28c; Bacteriocin)|Antimicrobial, Antibacterial, Anti-Gram+|PubMed ID is not available	-0.23989838581069733
DRAMP00227|Bioactive peptide 2 (BAP2;Curvalicin-28b; Bacteriocin)|Antimicrobial, Antibacterial, Anti-Gram+|PubMed ID is not available	-1.2632011480716374
DRAMP00228|Bioactive peptide 1 (BAP1; Curvalicin-28a; Bacteriocin)|Antimicrobial, Antibacterial, Anti-Gram+|PubMed ID is not available	-0.6018034056333719
DRAMP00229|Bacteriocin plantarican ASM1 (PASM1; Bacteriocin)|Antimicrobial, Antibacterial, Anti-Gram+|19939484	-0.03263225665530367
DRAMP00230|Lariatins A (lasso peptide; Bacteriocin)|Antimicrobial, Antibacterial, Anti-Gram+|16756302	0.8480782625190972
DRAMP00231|Lariatins B (lasso peptide; Bacteriocin)|Antimicrobial, Antibacterial, Anti-Gram+|16756302	0.8480782625190972
DRAMP00232|Cypemycin (Bacteriocin)|Antimicrobial, Antibacterial|7802859	-0.22392739234393277
DRAMP00233|Lichenin (Bacteriocin-like)|Antimicrobial, Antibacterial|11576300##15881839	-2.1586939647420653
DRAMP00234|Trifolitoxin (TFX; Bacteriocin)|Antimicrobial, Antibacterial|8509324	-0.2486886148698635
DRAMP00235|AFP1 (Bacteriocin)|Antimicrobial, Antifungal|10601197##11350173	-3.241745676730127
DRAMP00236|Halocin-S8 (HalS8; Bacteriocin)|Antimicrobial, Antibacterial, Anti-Gram+|10940040	-2.5772159792987517
DRAMP00237|Halocin-C8 (HalC8; Bacteriocin)|Antimicrobial, Antibacterial|12811620	-1.25945684612703
DRAMP00238|Curvaticin FS47 (Bacteriocin)|Antimicrobial, Antibacterial, Anti-Gram+|8031103	0.7383016319932811
DRAMP00239|Enterocin NKR-5-3D (Bacteriocin)|Antimicrobial, Antibacterial|22738965	-0.5143856974970973
DRAMP00240|Pep27 (Bacteriocin)|Antibacterial, Anti-cancer, Antimicrobial|16004618	3.588544856052824
DRAMP00241|Brevicin 27 (Bacteriocin)|Antimicrobial|9009071	4.755106609194298
DRAMP00242|Subpeptin JM4-B (Bacteriocin)|Antimicrobial, Antibacterial, Anti-Gram+|16211432	-1.0626177873874694
DRAMP00243|Subpeptin JM4-A (Bacteriocin)|Antimicrobial, Antibacterial, Anti-Gram+|16211432	-1.1497919756420563
DRAMP00244|Hominicin (Bacteriocin)|Antimicrobial, Antibacterial, Anti-Gram+|20654578	-1.2370879238374872
DRAMP00245|Gramicidin A (GA; Nonribosomally synthesized bacteriocin)|Antimicrobial, Antbacterial, Antiviral|19870884##8810522	-0.26601161004484764
DRAMP00246|Gramicidin B (GB; Bacteriocin)|Antimicrobial, Antbacterial, Antiviral|11570868	-0.26601161004484764
DRAMP00247|Gramicidin C (GC; Bacteriocin)|Antimicrobial, Antbacterial, Antiviral|11570868	-0.2670106110438486
DRAMP00248|Glycocin F (GccF; S-glycosylated bacteriocin)|Antimicrobial, Antibacterial, Anti-Gram+|21395300##21251913	0.054541931599283
DRAMP00249|Pln149 (Plantaricin 149; Bacteriocin; Derivatives: Pln149a)|Antimicrobial, Antibacterial, Antifungal|17266050	5.753108607196298
DRAMP00250|Bacteriocin serracin-P 43 kDa subunit (Bacteriocin)|Antimicrobial, Antibacterial, Anti-Gram-|12406768	-0.06543824926068109
DRAMP00251|Bacteriocin serracin-P 23 kDa subunit (Bacteriocin)|Antimicrobial, Antibacterial, Anti-Gram-|12406768	1.7920003437989274
DRAMP00252|AdDLP (A. dehalogenans defensin-like peptide; Bacteriocin)|Antibacterial, Antifungal, Antiparasitic, Antimicrobial|19615342	-1.2053063129784105
DRAMP00253|Ipomicin (Bacteriocin)|Antimicrobial, Antibacterial|12676701	1.9151420296217214
DRAMP00254|Propionicin-F (Bacteriocin)|Antimicrobial, Antibacterial, Anti-Gram+|15574930	-1.24008492683449
DRAMP00256|Divergicin 750 (Bacteriocin; Predicted)|Antimicrobial|8869500	1.8455213203275758
DRAMP00257|Bacteriocin (Predicted)|Antimicrobial|9835559	7.5793503267801325
DRAMP00258|Lacticin Z (Bacteriocin; Predicted)|Antimicrobial|17690480	4.496415662403236
DRAMP00259|Bacteriocin boticin B (Predicted)|Antimicrobial|11097932	-4.510772386855358
DRAMP00260|Bacteriocin (Class IIa sec-dependent bacteriocin; Predicted)|Antimicrobial|16820469	0.4653174803164539
DRAMP00261|Antiviral lectin scytovirin (SVN)|Antimicrobial, Antiviral|12614152##16647158##17965185	3.751326862666577
DRAMP00263|Bacteriocin cerein 7B (Predicted)|Antimicrobial|16451187	0.7393006329922822
DRAMP18195|LsbB (Bacteriocin)|Antimicrobial, Antibacterial|12801935##24993828	4.584447091915978
DRAMP18204|Labyrinthopeptin A1(Bacteriocin)|Antimicrobial, Antiviral, Anti-HIV, Anti-HSV|23724015	-1.5766470392052305
DRAMP18205|Labyrinthopeptin A2 (Bacteriocin)|Antimicrobial, Antiviral|20191635	-2.575526278265386
DRAMP18206|Deoxyactagardine B(Bacteriocin)|Antimicrobial, Antibacterial, Anti-Gram+|23168402	-1.2409189105687424
DRAMP18207|Actagardine B(Bacteriocin)|Antimicrobial, Antibacterial, Anti-Gram+|23168402	-1.2409189105687424
DRAMP18208|NAI-112(Bacteriocin)|Antimicrobial, Antibacterial, Antinociceptive, Antiallodynic, Anti-Gram+|24191663	-0.28581359024286734
DRAMP18209|NAI-802 (Bacteriocin)|Antimicrobial, Antibacterial, Anti-Gram+|23168402	-0.24092891046874354
DRAMP18210|Amythiamicin C/D(Bacteriocin)|Antimicrobial, Antibacterial, Anti-Gram+, Antiparasitic|8040071##7961166##16262432	-0.5992594813764603
DRAMP18211|Anacyclamide A10(Bacteriocin)|Antimicrobial, Antibacterial|PubMed ID is not available	-0.6018034056333719
DRAMP18212|Amylocyclicin(Bacteriocin)|Antimicrobial, Antibacterial, Anti-Gram+|24610713	4.752353126078983
DRAMP18213|Gramicidin S(Bacteriocin)|Antimicrobial, Antibacterial, Antifungal, Anti-Gram+, Anti-Gram-|8836773##24388950	1.731990387957151
DRAMP18214|Cerecidin A1(Bacteriocin)|Antimicrobial, Antibacterial, Anti-Gram+|24532070	1.3763966121706068
DRAMP18215|Cerecidin A7(Bacteriocin)|Antimicrobial, Antibacterial, Anti-Gram+|24532070	1.3763966121706068
DRAMP18216|Cerein 7A(Bacteriocin)|Antimicrobial, Antibacterial, Anti-Gram+|16451187##10971770	-1.2585796050688725
DRAMP18217|Licheniocin 50.2(Bacteriocin)|Antimicrobial, Antibacterial, Anti-Gram+|2423832	-1.2362754638622788
DRAMP18218|Fusaricidin A (Bacteriocin)|Antimicrobial, Antibacterial, Anti-Gram+, Antifungal|8621351##23185515	-0.6018034056333719
DRAMP18219|Fusaricidin B (Bacteriocin)|Antimicrobial, Antibacterial, Anti-Gram+, Antifungal|9127193##23185515	-0.6018034056333719
DRAMP18220|Fusaricidin C (Bacteriocin)|Antimicrobial, Antibacterial, Anti-Gram+, Antifungal|9127193##23185515	-0.602802406632373
DRAMP18221|Fusaricidin D (Bacteriocin)|Antimicrobial, Antibacterial, Anti-Gram+, Antifungal|9127193##23185515	-0.602802406632373
DRAMP18222|PseA(Bacteriocin)|Antimicrobial, Antibacterial, Anti-Gram+|25769830	-1.2980618055240685
DRAMP18223|Sonorensin(Bacteriocin)|Antimicrobial, Antibacterial, Anti-Gram+, Anti-Gram-|24610839	0.2218060804862627
DRAMP18224|Ala-6-fenycin (Bacteriocin)|Antimicrobial, Antibacterial, Anti-Gram+, Antiviral|25477947	-2.1605484603525893
DRAMP18225|Subtilosin A1 (Bacteriocin)|Antimicrobial, Antibacterial|19633086	-2.2655483732538286
DRAMP18226|Gageostatin A (Bacteriocin)|Antimicrobial, Antibacterial, Antifungal, Anti-Gram+, Anti-Gram-|24492520	-2.2307298831301527
DRAMP18227|Gageostatin B (Bacteriocin)|Antimicrobial, Antibacterial, Antifungal, Anti-Gram+, Anti-Gram-|24492520	-2.2307298831301527
DRAMP18228|Gageostatin C (Bacteriocin)|Antimicrobial, Antibacterial, Antifungal, Anti-Gram+, Anti-Gram-|24492520	-2.2307298831301527
DRAMP18236|NRWC(Bacteriocin)|Antimicrobial, Antibacterial|23519163	-1.2443869523227158
DRAMP18237|Fengycin A(Bacteriocin)|Antimicrobial, Antibacterial, Antifungal, Anti-Gram+, Anti-Gram-|22847390	-2.1605484603525893
DRAMP18238|Fengycin B(Bacteriocin)|Antimicrobial, Antibacterial, Antifungal, Anti-Gram+, Anti-Gram-|22847390	-2.1605484603525893
DRAMP18239|Fengycin A2(Bacteriocin)|Antimicrobial, Antibacterial, Antifungal, Anti-Gram+, Anti-Gram-|22847390	-2.1605484603525893
DRAMP18240|Fengycin C(Bacteriocin)|Antimicrobial, Antibacterial, Antifungal, Anti-Gram+, Anti-Gram-|22847390	-2.1605484603525893
DRAMP18241|Subtilomycin(Bacteriocin)|Antimicrobial, Antibacterial, Anti-Gram+, Anti-Gram-|23736764	3.3456846409745755
DRAMP18242|Fengycin B2 (Bacteriocin)|Antimicrobial, Antibacterial, Antifungal, Anti-Gram+, Anti-Gram-|24312083##22847390	-2.1605484603525893
DRAMP18243|Ticin A1(Bacteriocin)|Antimicrobial, Antibacterial, Anti-Gram+|26231642	0.43124594899577673
DRAMP18244|Ticin A3(Bacteriocin)|Antimicrobial, Antibacterial, Anti-Gram+|26231642	0.43124594899577673
DRAMP18245|Ticin A4(Bacteriocin)|Antimicrobial, Antibacterial, Anti-Gram+|26231642	1.4302469479967757
DRAMP18246|Thuricin 439A,439B(Bacteriocin)|Antimicrobial, Antibacterial, Anti-Gram+|12644238	-0.23989838581069733
DRAMP18247|Bacthuricin F4(Bacteriocin)|Antimicrobial, Antibacterial, Anti-Gram+, Anti-Gram-|15752334	-1.2387776248708526
DRAMP18248|Bifidin I(Bacteriocin)|Antimicrobial, Antibacterial, Anti-Gram+, Anti-Gram-|PubMed ID is not available	-0.24177462786785542
DRAMP18249|Bac-GM100  (Bacteriocin)|Antimicrobial, Antibacterial, Antifungal, Anti-Gram+, Anti-Gram-|23291759	-3.2662390732881934
DRAMP18250|Laterosporulin (Bacteriocin)|Antimicrobial, Antibacterial, Anti-Gram+, Anti-Gram-|22403615##25345978	-1.2946812472578517
DRAMP18251|Carnolysin A1(Bacteriocin)|Antimicrobial, Antibacterial, Anti-Gram+|24412962	0.731322863908324
DRAMP18252|Carnolysin A2(Bacteriocin)|Antimicrobial, Antibacterial, Anti-Gram+|24412962	0.7412338539073353
DRAMP18253|Piscicocin CS526(Bacteriocin)|Antimicrobial, Antibacterial, Anti-Gram+, Anti-Gram-|15640235##15836484	2.7552283691351422
DRAMP18255|Circularin A(Bacteriocin)|Antimicrobial, Antibacterial, Anti-Gram+|12620847##14532033	3.7299823860591474
DRAMP18256|Boticin B (Bacteriocin)|Antimicrobial, Antibacterial, Anti-Gram+|11097932	-3.253957682121453
DRAMP18258|Closticin 574(Bacteriocin)|Antimicrobial, Antibacterial, Anti-Gram+|12620847	5.026153912538754
DRAMP18259|Enterocin O16 (Bacteriocin)|Antimicrobial, Antibacterial, Anti-Gram+|25733609	5.73903931098554
DRAMP18260|Bacteriocin 31 (Bacteriocin)|Antimicrobial, Antibacterial, Anti-Gram+|8655558	3.860165012030701
DRAMP18261|Enterocin 7B (Bacteriocin)|Antimicrobial, Antibacterial, Anti-Gram+|21469734##23725536	5.583458090816979
DRAMP18262|Enterocin 7A(Bacteriocin)|Antimicrobial, Antibacterial, Anti-Gram+|16751538##23725536	5.5814700887189765
DRAMP18263|Enterocin W alpha(Bacteriocin)|Antimicrobial, Antibacterial, Anti-Gram+|22138996	-0.11412073988052107
DRAMP18264|Enterocin W beta(Bacteriocin)|Antimicrobial, Antibacterial, Anti-Gram+|22138996	1.693375428660111
DRAMP18265|Enterocin RM6 (Bacteriocin)|Antimicrobial, Antibacterial, Anti-Gram+|23844357	5.502585526643175
DRAMP18266|Bacteriocin T8(Bacteriocin)|Antimicrobial, Antibacterial, Anti-Gram+|16820469##17088377	0.4653174803164539
DRAMP18267|BacFL31(Bacteriocin)|Antimicrobial, Antibacterial, Anti-Gram+, Antilisterial|24583094	-2.14710327360969
DRAMP18268|Enterocin NKR-5-3C(Bacteriocin)|Antimicrobial, Antibacterial, Anti-Gram+|25149515	1.7520880824382514
DRAMP18269|Enterocin NKR-5-3A(Bacteriocin)|Antimicrobial, Antibacterial, Anti-Gram+|25149515	0.8257193401295555
DRAMP18270|Enterocin NKR-5-3Z(Bacteriocin)|Antimicrobial, Antibacterial, Anti-Gram+|25149515	-0.2595786060678731
DRAMP18271|NKR-5-3B(Bacteriocin)|Antimicrobial, Antibacterial, Anti-Gram+|26174911	4.75223136613814
DRAMP18272|Enterocin AS-48RJ (Bacteriocin)|Antimicrobial, Antibacterial, Anti-Gram+, Anti-Gram-|16094865	6.499775064669965
DRAMP18273|Enterocin CRL35 (Bacteriocin)|Antibacterial, Antiviral, Anti-Gram+, Antimicrobial|10493605##11040432	3.7344273879381213
DRAMP18276|HalR1(Bacteriocin)|Archaeolytic|11938468	-0.24979937590970713
DRAMP18277|Halocin C8 (Bacteriocin)|Antimicrobial, Antibacterial|12811620##15978083	-4.329999861017793
DRAMP18278|BacSJ(Bacteriocin)|Unknown|PubMed ID is not available	1.0206621570119547
DRAMP18279|Plantaricin A(Bacteriocin)|Antimicrobial, Antibacterial, Anti-Gram+|8245827	4.789880581860082
DRAMP18280|Plantaricin 163 (Bacteriocin)|Antimicrobial, Antibacterial|24228753	3.7953465922177125
DRAMP18281|Plantaricin KL-1Y (Bacteriocin)|Antimicrobial, Antibacterial, Anti-Gram+, Anti-Gram-|25862353	5.757176371633138
DRAMP18282|Plantaricin ZJ008 (Bacteriocin)|Antimicrobial, Antibacterial|25038669	-0.23989838581069733
DRAMP18283|Plantaricin ZJ5 (Bacteriocin)|Antimicrobial, Antibacterial|25147943	3.7551066091942986
DRAMP18284|Reutericin 6 (Bacteriocin)|Antimicrobial, Antibacterial, Anti-Gram+|PubMed ID is not available	-0.15249067757442392
DRAMP18285|Bacteriocin LS2 (Bacteriocin)|Antimicrobial, Antibacterial, Anti-Gram+|22739096	2.372400608174603
DRAMP18286|Blp1a(Bacteriocin)|Antimicrobial, Antibacterial, Anti-Gram+|22739096	-0.01860175607281178
DRAMP18287|Blp1b(Bacteriocin)|Antimicrobial, Antibacterial, Anti-Gram+|22739096	3.4829700874689484
DRAMP18288|Sln1 (Bacteriocin)|Antimicrobial, Antibacterial|17416691	1.7392906330922813
DRAMP18289|Bactofencin A (Bacteriocin)|Antimicrobial, Antibacterial, Anti-Gram+|24169573	6.822438817650862
DRAMP18290|Garvicin A (Bacteriocin)|Antimicrobial, Antibacterial, Anti-Gram+|23666326	2.755096609294297
DRAMP18291|Garviecin LG34(Bacteriocin)|Antimicrobial, Antibacterial, Anti-Gram+, Anti-Gram-|PubMed ID is not available	5.994920952002878
DRAMP18292|LsbA(Bacteriocin)|Antimicrobial, Antibacterial, Anti-Gram+|12801935	4.743309377238129
DRAMP18293|Bacteriocin J46 (Bacteriocin)|Unknown|8588891	-0.08453952952433497
DRAMP18294|lactococcin Z(Bacteriocin)|Antimicrobial, Antibacterial, Anti-Gram+, Anti-Gram-|26093857	1.8770547701146685
DRAMP18295|Leucocin H alpha(Bacteriocin)|Antimicrobial, Antibacterial, Anti-Gram+|10387116	1.758103612191301
DRAMP18296|Leucocin H beta(Bacteriocin)|Antimicrobial, Antibacterial, Anti-Gram+|10387116	2.7561056101932992
DRAMP18297|Patellamide D(Bacteriocin)|Unknown|2724305	-0.25970036600871704
DRAMP18298|Listeriolysin S(Bacteriocin)|Unknown|18787690	0.6798946923982228
DRAMP18299|Taromycin A (Bacteriocin)|Antimicrobial, Antibacterial, Anti-Gram+|24449899	-3.2357236430159553
DRAMP18301|nocathiacin I(Bacteriocin)|Antimicrobial, Antibacterial|20473441	-1.5865480293042404
DRAMP18302|GE2270A(Bacteriocin)|Antimicrobial, Antibacterial, Anti-Gram+|PubMed ID is not available	-0.5992594813764603
DRAMP18303|Paenicidin A (Bacteriocin)|Antimicrobial, Antibacterial, Anti-Gram+|23167271##24382692	0.6763839104353013
DRAMP18304|Paenicidin A (Bacteriocin)|Antimicrobial, Antibacterial, Anti-Gram+|23167271	0.6763839104353013
DRAMP18305|Paenibacterin (Bacteriocin)|Antimicrobial, Antibacterial|22367082	3.7561056101932997
DRAMP18306|Pediocin ACCEL(Bacteriocin)|Antimicrobial, Antibacterial, Anti-Gram+|14995112	0.8444005593877306
DRAMP18307|LMW peptide (Bacteriocin)|Antimicrobial, Antibacterial, Anti-Gram+|25158757	0.8632367960106531
DRAMP18308|Planosporicin(Bacteriocin)|Antimicrobial, Antibacterial|17469849	-5.451303166899798
DRAMP18309|Baceridin(Bacteriocin)|Antimicrobial, Antibacterial, Anti-Gram+|24692199	-0.23989838581069733
DRAMP18310|Patellamide A(Bacteriocin)|Unknown|15883371	-0.25970036600871704
DRAMP18311|Patellamide C(Bacteriocin)|Unknown|15883371	-0.28581359024286734
DRAMP18312|Propionicin PLG-1(Bacteriocin)|Antimicrobial, Antibacterial, Anti-Gram+, Anti-Gram-, Antifungal|11010864	3.5436318288051893
DRAMP18313|Sclerosin(Bacteriocin)|Antimicrobial, Antibacterial|22838838	0.39719759336762717
DRAMP18314|Aureocin A70 (AurA)(Bacteriocin)|Antimicrobial, Antibacterial, Anti-Gram+|11531330	3.4981701445195506
DRAMP18315|Aureocin A70 (AurB)(Bacteriocin)|Antimicrobial, Antibacterial, Anti-Gram+|11531330	3.4953596825463404
DRAMP18316|Aureocin A70 (AurC)(Bacteriocin)|Antimicrobial, Antibacterial, Anti-Gram+|11531330	3.5825338708009276
DRAMP18317|Aureocin A70 (AurD)(Bacteriocin)|Antimicrobial, Antibacterial, Anti-Gram+|11531330	3.4971711435205495
DRAMP18318|BacCH91(Bacteriocin)|Antimicrobial, Antibacterial, Anti-Gram+|23196985	0.7194986527942624
DRAMP18319|BsaA2(Bacteriocin)|Antimicrobial, Antibacterial, Anti-Gram+|20023032	0.8066728410488493
DRAMP18320|Epilancin 15X(Bacteriocin)|Antimicrobial, Antibacterial, Anti-Gram+|15792796##21802007	6.51161367128115
DRAMP18321|Epidermicin NI01(Bacteriocin)|Antimicrobial, Antibacterial, Anti-Gram+|22155816	8.492166138625544
DRAMP18322|Hominicin (Bacteriocin)|Antimicrobial, Antibacterial, Anti-Gram+|20654578	-1.2370879238374872
DRAMP18323|Nukacin ISK-1(Bacteriocin)|Antimicrobial, Antibacterial, Anti-Gram+|11193411##20627619	1.902870778344289
DRAMP18324|Warnericin RK (Bacteriocin)|Antimicrobial, Antibacterial, Anti-Gram-|18339450##19804724	1.4986002054250305
DRAMP18325|delta-lysin I (Bacteriocin)|Antimicrobial, Antibacterial, Anti-Gram+, Anti-Gram-|18339450	1.4986002054250305
DRAMP00021|HalA2 (one chain of haloduracin; Bacteriocin)|Antimicrobial, Antibacterial|17085596	0.35759363297158764
DRAMP00022|Staphylococcin C55alpha (SacAalpha; chain alpha of Staphylococcin C55; Bacteriocin)|Antimicrobial, Antibacterial, Anti-Gram+|9835565##10417203	-0.19139393803609783
DRAMP00023|Staphylococcin C55beta (SacAbeta; chain beta of Staphylococcin C55; Bacteriocin)|Antimicrobial, Antibacterial, Anti-Gram+|9835565##10417203	0.7293896429932709
DRAMP00024|CylLS (a structural subunit of cytolysin; Bacteriocin)|Antimicrobial, Antibacterial|8898386	0.37739561316960746
DRAMP00025|CylLL (a structural subunit of cytolysin; Bacteriocin)|Antimicrobial, Antibacterial|8898386	0.45466881132518444
DRAMP00026|Salivaricin A (SalA; Bacteriocin; Preclinical)|Antimicrobial, Antibacterial|8357242	-0.2683688351270397
DRAMP00027|Salivaricin B (SboB; Bacteriocin; Preclinical)|Antimicrobial, Antibacterial|17194838	-0.179626705779931
DRAMP00028|Lantibiotic epidermin (Bacteriocin)|Antimicrobial, Antibacterial|2835685##3769923	1.7175006507962602
DRAMP00029|Streptococcin A-FF22 (Antibacterial peptide SA-FF22; Bacteriocin)|Antimicrobial, Antibacterial|8328813##8125103	0.9055594803766551
DRAMP00031|Lantibiotic carnocin-UI49 (Bacteriocin)|Antimicrobial, Antibacterial, Anti-Gram+|1622206	-0.23709792373748817
DRAMP00032|Ruminococcin A (RumA; Bacteriocin)|Antimicrobial, Antibacterial, Anti-Gram+|11526013##11741840##12089024	-0.1806157068789307
DRAMP00033|Lantibiotic epilancin 15X (Bacteriocin)|Antimicrobial, Antibacterial, Anti-Gram+|15792796	6.847341799917638
DRAMP00034|Lantibiotic epilancin K7 (Bacteriocin)|Antimicrobial, Antibacterial|7607233	5.4234504819275635
DRAMP00035|Lantibiotic paenibacillin (Bacteriocin)|Antimicrobial, Antibacterial, Anti-Gram+|17071789##18625234	4.741374632364034
DRAMP00036|Nisin A (Bacteriocin; Preclinical)|Antimicrobial, Antibacterial, Anti-Gram+|3141403##5131162##1575686	2.8819480372064246
DRAMP00037|Nisin Z (Bacteriocin; Preclinical)|Antimicrobial, Antibacterial, Anti-Gram+|1935953##7626780##15361862	2.794773848951838
DRAMP00038|Nisin U (Bacteriocin)|Antimicrobial, Antibacterial, Anti-Gram+|16461661	2.794773848951838
DRAMP00039|Pep5 (Bacteriocin)|Antimicrobial, Antibacterial|2764678##7556197	7.362479618275591
DRAMP00040|Gallidermin (Bacteriocin; Preclinical)|Antimicrobial, Antibacterial|3181159	1.7175006507962602
DRAMP18326|Bovicin 255(Bacteriocin)|Antimicrobial, Antibacterial, Anti-Gram+|11157218	-0.23996316689364638
DRAMP18327|Sil(Bacteriocin)|Antimicrobial, Antibacterial, Anti-Gram+|24781647	1.087726452295274
DRAMP18328|Pneumococin M(Bacteriocin)|Antimicrobial, Antibacterial, Anti-Gram+|17074857	-0.25876614609266513
DRAMP18329|Pneumococin N(Bacteriocin)|Antimicrobial, Antibacterial, Anti-Gram+|17074857	1.74819262219229
DRAMP18330|streptolysin S(Bacteriocin)|Unknown|18787690	0.6887966814982316
DRAMP18331|Antibacterial peptide A-M49 (Bacteriocin)|Antimicrobial, Antibacterial, Anti-Gram+|7993103	0.9055594803766551
DRAMP18332|BHT-Aa(Bacteriocin)|Antimicrobial, Antibacterial, Anti-Gram+|16194596##18220976	0.7312011039674804
DRAMP18333|BHT-Ab(Bacteriocin)|Antimicrobial, Antibacterial, Anti-Gram+|16194596##18220976	1.4294344880215677
DRAMP18334|BHT-B (Bacteriocin)|Antimicrobial, Antibacterial, Anti-Gram+|16194596	3.4982719046603923
DRAMP18335|Salivaricin G32(Bacteriocin)|Antimicrobial, Antibacterial, Anti-Gram+|22567013##23122510	-0.0934415186243438
DRAMP18336|Thermophilin 1277 (Bacteriocin)|Antimicrobial, Antibacterial, Anti-Gram+|17381740	1.7555051464407327
DRAMP18337|S. amritsarensis lipopeptide (Bacteriocin)|Antimicrobial, Antibacterial, Anti-Gram+|25006539	-0.11695122389132617
DRAMP18338|Thiocillin GE37468 (Bacteriocin)|Antimicrobial, Antibacterial, Anti-Gram+, Anti-Gram-|21788474	-0.5903574922764515
DRAMP18339|Anantin(Bacteriocin)|Unknown|PubMed ID is not available##PubMed ID is not available	-1.152602437615267
DRAMP18340|Daptomycin(Bacteriocin)|Antimicrobial, Antibacterial, Anti-Gram+|3024560	-3.2357236430159553
DRAMP18341|Daptomycin(Bacteriocin)|Unknown|3024560	-3.2357236430159553
DRAMP18342|BI-32169(Bacteriocin)|Unknown|2004391##15387654	-1.2585796050688725
DRAMP18343|BI-32169(Bacteriocin)|Antidiabetic|15387654	-1.2585796050688725
DRAMP18344|Tricyclic peptide RP 71955 (Bacteriocin)|Antiviral, Anti-HIV, Antimicrobial|8270499	-0.28050134720573794
DRAMP18345|Tricyclic peptide RP 71955 (Bacteriocin)|Antiviral, Anti-HIV, Antimicrobial|8270499	-0.28050134720573794
DRAMP18346|Legonaridin(Bacteriocin)|Unknown|26256511	-1.0616287862884697
DRAMP18347|Siamycin(Bacteriocin)|Antiviral, Anti-HIV, Antimicrobial|8619594	-1.2793805862658933
DRAMP18348|RES-701-1(Bacteriocin)|Unknown|PubMed ID is not available	-1.1536014386142677
DRAMP18349|Siamycin I (Bacteriocin)|Antiviral, Anti-HIV, Antimicrobial|8557614	-1.2793805862658933
DRAMP18350|Siamycin II(Bacteriocin)|Antiviral, Anti-HIV, Antimicrobial|7787424	-1.2793805862658933
DRAMP18351|Trichamide(Bacteriocin)|Unknown|16751554	-1.0946894122055961
DRAMP18352|Durancin GL (bacteriocin)|Antimicrobial, Antibacterial|22493306	1.8629854739039118
DRAMP18353|Durancin L28-1A (bacteriocin)|Antimicrobial, Antibacterial|15892738	0.9150150369696206
DRAMP18354|Hyicin 3682 (bacteriocin)|Antimicrobial, Antibacterial|28285660	0.7184996517952613
DRAMP18355|Lacticin Z (bacteriocin)|Antimicrobial, Antibacterial|17690480	7.5793503267801325
DRAMP18356|BacSP222 (bacteriocin)|Antibacterial, Mammalian cells, Antimicrobial|26411997	3.591747716995763
DRAMP18357|Warnerin (bacteriocin)|Antimicrobial, Antibacterial|19361283	6.759178610564051
DRAMP18654|dPSM|Antimicrobial, Antibacterial, Anti-Gram+|22371493	1.7599150731655104
DRAMP18655|dPSM|Antimicrobial, Antibacterial, Anti-Gram+|22371493	1.7321121478979944
DRAMP18656|Microcin 7 (Bacteriocin; Escherichia coli, Bacteria)|Antimicrobial, Antibacterial, Anti-Gram-|2861788	-0.4953536498115083
DRAMP18657|Chitinase (Bacteriocin; Streptomyces violaceusniger, Bacteria)|Antimicrobial, Antifungal|22915152	-1.2387776248708526
DRAMP20762|Halocin S8 (HalS8, Halocin-S8; Microhalocin, Archaeocin, Bacteriocin, Archaea, Euryarchaeota, Prokaryote|Antimicrobial, Antibacterial|10940040##11114928	-2.5772159792987517
DRAMP20763|Halocin C8 (HalC8, Halocin-C8; Microhalocins, Archaeocin, Bacteriocin, Archaea, Euryarchaeota, Prokaryot|Antimicrobial, Antibacterial|12811620	-4.329999861017793
DRAMP20764|Halocin R1 (HalR1, Halocin-R1; Microhalocins, Archaeocin, Bacteriocin, Archaea, Euryarchaeota, Prokaryot|Antimicrobial, Antibacterial|11938468##11114928	-0.24979937590970713
DRAMP20765|Halocin A4 (HalA4, Halocin-A4, Halocin U1; Microhalocins, Archaeocin, Bacteriocin, Archaea, Euryarchaeot|Antimicrobial, Antibacterial|11114928	-2.2998162876403834
DRAMP18358|Sh-lantibiotic-beta (bacteriocin)|Antimicrobial, Antibacterial, Anti-Gram+|28228596	4.753253624661044
DRAMP18359|Sh-lantibiotic-alpha (bacteriocin)|Antimicrobial, Antibacterial, Anti-Gram+|28228596	0.8857575001786353
DRAMP18360|Paenicidin B (bacteriocin)|Antimicrobial, Antibacterial|24382692	1.6725844473630915
DRAMP18361|YD1 (bacteriocin)|Antimicrobial, Antibacterial|28050849	0.794875586855086
DRAMP18362|Formicin (bacteriocin)|Antimicrobial, Antibacterial, Anti-Gram+|27450592	1.712211583744669
DRAMP18363|Sviceucin (bacteriocin)|Antimicrobial, Antibacterial, Anti-Gram+|26343290	-2.277260824327048
DRAMP18364|Thuricin 4A-4 (bacteriocin)|Antimicrobial, Antibacterial|25548056	3.70660065969825
DRAMP18365|Thusin (ThsA1, ThsA2; a two-chain lantibiotic, type 2, class 1 bacteriocins)|Antimicrobial, Antibacterial|27486447	0.7330125649416894
DRAMP18366|Sungsanpin (a class 2 lasso peptide; bacteriocins)|Anti-cancer|23662937	-0.2397766258698535
DRAMP18367|Chaxapeptin (a class 2 lasso peptide; class 1 microcin, bacteriocins)|Antimicrobial, Antibacterial, Anti-Gram+, Anti-cancer|26402731	-0.2397766258698535
DRAMP18368|Bacteriocin TSU4 (bacteria, prokaryotes)|Antimicrobial, Antibacterial|26245257	-0.44937669097966704
DRAMP00041|Mutacin-1140 (Mutacin III; Bacteriocin)|Antimicrobial, Antibacterial, Anti-Gram+|11082191	1.7184896518952604
DRAMP00042|Bacteriocin mutacin B-Ny266 (Preclinical)|Antimicrobial, Antibacterial, Anti-Gram+|9237644	1.7175006507962602
DRAMP00043|Bacteriocin nukacin (Nukacin KQ-1; Nukacin KQU-131)|Antimicrobial, Antibacterial|18685189	1.902870778344289
DRAMP00044|Bacteriocin nukacin (Nukacin 3299; Simulancin 3299)|Antimicrobial, Antibacterial|20627619	1.902870778344289
DRAMP00046|Lantibiotic streptin (Bacteriocin)|Antimicrobial, Antibacterial, Anti-Gram+|11328600##12732544##11296296##16088826	2.727391640995269
DRAMP00047|Streptin 1 (Bacteriocin)|Antimicrobial, Antibacterial|12732544	2.7012784167611192
DRAMP00048|Lantibiotic subtilin (Bacteriocin)|Antimicrobial, Antibacterial|4154277	1.7104101226704609
DRAMP00049|Bacteriocin lacticin-481 (Lactococcin-DR)|Antimicrobial, Antibacterial, Anti-Gram+|16348628##8344922##8764998	-0.0934415186243438
DRAMP00051|Mutacin I (Bacteriocin)|Antimicrobial, Antibacterial, Anti-Gram+|10919773##11133423	0.7184996517952613
DRAMP00052|Mutacin-2 (Mutacin II mutacin H-29B; Bacteriocin)|Antimicrobial, Antibacterial, Anti-Gram+, Anti-Gram-|10821848##8592997##16626493##8021218	0.8193642933210672
DRAMP00053|Nisin F (Bacteriocin; Perclinical)|Antimicrobial, Antibacterial, Anti-Gram+|18039827	2.794773848951838
DRAMP00054|Nisin Q (Bacteriocin)|Antimicrobial, Antibacterial, Anti-Gram+|12913315	2.794773848951838
DRAMP00055|Bacteriocin 97518|Antimicrobial, Antibacterial, Anti-Gram-|17469849	-1.1994186860779497
DRAMP00056|Bacteriocin ancovenin|Antimicrobial|PubMed ID is not available	-0.269479596166883
DRAMP00057|Bacteriocin duramycin (Leucopeptin; Bacteriocin)|Antimicrobial, Antibacterial|2272918##2125590	0.7295214028341159
DRAMP00058|Lantibiotic duramycin B (Bacteriocin)|Antimicrobial, Antibacterial|2125590	0.7305104039331161
DRAMP00059|Lantibiotic duramycin C (Bacteriocin)|Antimicrobial, Antibacterial|2125590##8375380	-0.27047859716588407
DRAMP00060|Bacteriocin cinnamycin (Lanthiopeptin Ro 09-0198)|Antimicrobial, Antbacterial, Antiviral|2125590##2544544##8882709	0.7305104039331161
DRAMP00061|Actagardine (Gardimycin; Bacteriocin)|Antimicrobial, Antibacterial, Anti-Gram+|2211371##9219543	-1.2409189105687424
DRAMP00062|Mersacidin (Bacteriocin; Preclinical)|Antimicrobial, Antibacterial, Anti-Gram+|7737474##9119018##10831439##10818347	-1.2766918842335269
DRAMP00063|Lantibiotic michiganin-A (Bacteriocin)|Antimicrobial, Antibacterial|16957199	-0.5766570391052315
DRAMP00064|Enterocin 96 (Bacteriocin; Predicted)|Antimicrobial, Antibacterial, Anti-Gram+, Anti-Gram-|12663927	2.536482963366252
DRAMP00065|Plantaricin 1.25 beta (thermostable Bacteriocin; Predicted)|Antimicrobial, Antibacterial|10684981	5.908654004506452
DRAMP00066|Lacticin Q (Bacteriocin; Predicted)|Antimicrobial, Antibacterial, Anti-Gram+|17351096	5.789125100742768
DRAMP00067|Leucocin C-TA33a (Bacteriocin)|Antimicrobial, Antibacterial|9611809	1.8235995781907102
DRAMP00068|Aureocin A53 (Bacteriocin)|Antimicrobial, Antibacterial, Anti-Gram+|12054867	7.492988598500753
DRAMP00069|Garvieacin Q (GarQ; Bacteriocin)|Antimicrobial, Antibacterial, Anti-Gram+|22210221	1.9973807612529955
DRAMP00070|Laterosporulin (Bacteriocin)|Antimicrobial, Antibacterial, Anti-Gram+, Anti-Gram-|22403615	-0.9991613469451099
DRAMP00071|Ubericin-A (Bacteriocin)|Antimicrobial, Antibacterial, Anti-Gram+|17933926	2.8252792793240746
DRAMP00072|Bacteriocin curvaticin|Antimicrobial, Antibacterial, Anti-Gram+|16244793	0.8603715528544953
DRAMP00073|Weissellin-A (Bacteriocin)|Antimicrobial, Antibacterial, Anti-Gram+|21511463	2.8226005771917095
DRAMP00074|Enterocin P (Pediocin-like peptide; Bacteriocin)|Antimicrobial, Antibacterial, Anti-Gram+|9361419##17103378	0.8648617159610699
DRAMP00075|Enterocin M (Bacteriocin)|Antimicrobial, Antibacterial|17551760	1.7766885267074817
DRAMP00076|Mundticin ATO6 (Bacteriocin)|Antimicrobial, Antibacterial, Anti-Gram+|9733915	3.7344273879381213
DRAMP00077|Mundticin KS (Bacteriocin)|Antimicrobial, Antibacterial, Anti-Gram+|12147478	3.7344273879381213
DRAMP00078|Leucocin C (Leu C; Pediocin-like peptide; Bacteriocin)|Antimicrobial, Antibacterial|12127968##9611809	1.9107737664452968
DRAMP00079|Bacteriocin hiracin-JM79 (HirJM79; Bacteriocin)|Antimicrobial, Antibacterial, Anti-Gram+|17326750	2.8629754740039113
DRAMP00080|Curvacin A (Bacteriocin)|Antimicrobial, Antibacterial, Anti-Gram+|7694558##16331975	2.7748670658332713
DRAMP00081|Leucocin-A (Leucocin A-UAL 187; Leu A; Bacteriocin)|Antimicrobial, Antibacterial, Anti-Gram+|1840587##8418850##9398233	1.913452468577662
DRAMP00082|Bavaricin-MN (Bacteriocin)|Antimicrobial, Anti-Gram+|8953724	2.3725223681154466
DRAMP00083|Bavaricin-A (Bacteriocin)|Antimicrobial, Antibacterial, Anti-Gram+|8407671	0.9315747476423173
DRAMP00084|Mutacin F-59.1 (Bacteriocin)|Antimicrobial, Antibacterial|PubMed ID is not available	1.83350056828972
DRAMP00085|Bacteriocin|Antimicrobial, Antibacterial, Anti-Gram+, Anti-Gram-|PubMed ID is not available	-0.5255140170030019
DRAMP00086|Divergicin M35 (Pediocin-like peptide; Bacteriocin)|Antimicrobial, Antibacterial, Anti-Gram+|15541799	2.35284214785827
DRAMP00088|Enterocin-HF (Bacteriocin)|Antimicrobial, Antibacterial|PubMed ID is not available	3.7245263978391114
DRAMP00089|Bacteriocin E50-52 (Preclinical)|Antimicrobial, Antibacterial, Anti-Gram+, Anti-Gram-|18293921	1.335793650775566
DRAMP00090|Carnobacteriocin B2 (CbnB2; Bacteriocin)|Antimicrobial, Antibacterial, Anti-Gram+|8163526##9353214##10569926	3.712970868034336
DRAMP00091|Carnobacteriocin BM1 (Carnobacteriocin B1; Bacteriocin)|Antimicrobial, Antibacterial|8163526	1.862873713863069
DRAMP00092|Bacteriocin SRCAM 602 (Preclinical)|Antimicrobial, Antibacterial, Anti-Gram+|15690798	2.9562511892852976
DRAMP00093|Bacteriocin SRCAM 37|Antimicrobial, Antibacterial, Anti-Gram+|15690798##16977842	1.7582053723321427
DRAMP00094|Bacteriocin SRCAM 1580|Antimicrobial, Antibacterial, Anti-Gram+|15690798##16977842	2.7983535951147163
DRAMP00095|Mesentericin Y105 (MesY105; Bacteriocin)|Antimicrobial, Antibacterial|1487737##7551032	1.913452468577662
DRAMP00096|Pediocin PA-1 (Pediocin ACH; Bacteriocin)|Antimicrobial, Antibacterial, Anti-Gram+|1514784##1575516	2.977146973502863
DRAMP00097|Lactococcin MMFII (Pediocin-like peptide; Bacteriocin)|Antimicrobial, Antibacterial|11728715##11708769	-0.5325627577447012
DRAMP00099|Sakacin 5X (Sak5X; Pediocin-like peptide; Bacteriocin)|Antimicrobial, Antibacterial, Anti-Gram+|11442722	2.7354263889371224
DRAMP00100|Sakacin G (SakG; Pediocin-like peptide; Bacteriocin)|Antimicrobial, Antibacterial, Anti-Gram+|12450870##20152920	0.9790232155600214
DRAMP00101|Sakacin P (Sakacin 674; Pediocin-like peptide; Bacteriocin)|Antimicrobial, Antibacterial, Anti-Gram+|8138128##14516192	1.9107737664452968
DRAMP00102|Piscicolin-126 (Pisc126; Bacteriocin)|Antimicrobial, Antibacterial|8702282	2.7354263889371224
DRAMP00103|Bacteriocin OR-7 (Preclinical)|Antimicrobial, Antibacterial|16940109	5.9167805126891455
DRAMP00105|Enterocin X alpha (Two-peptide bacteriocin)|Antimicrobial, Antibacterial, Anti-Gram+|20418437	1.6108186114735932
DRAMP00106|Enterocin X beta (Two-peptide bacteriocin)|Antimicrobial, Antibacterial, Anti-Gram+|20418437	2.8456230804684175
DRAMP00107|Bacteriocin L-1077|Antimicrobial, Antibacterial, Anti-Gram+, Anti-Gram-|21378051	2.3943123504114676
DRAMP00108|Leucocin C (Pediocin-like peptide; Bacteriocin)|Antimicrobial, Antibacterial|12127968	1.9107737664452968
DRAMP00109|Plantaricin C19 (Pediocin-like peptide; Bacteriocin)|Antimicrobial, Antibacterial, Anti-Gram+|11545225	4.811568826252854
DRAMP00110|Plantaricin 423 (Pediocin-like peptide; Bacteriocin)|Antimicrobial, Antibacterial, Anti-Gram+|12423916##17056693	2.97702521356202
DRAMP00111|Penocin A (PenA; Bacteriocin)|Antimicrobial, Antibacterial, Anti-Gram+|17030793##16735728	3.995939952801881
DRAMP00113|Enterocin A (EntA; Pediocin-like peptide; Bacteriocin)|Antimicrobial, Antibacterial|8633865	3.438895575173013
DRAMP00114|Listeriocin 743A (Pediocin-like peptide; Bacteriocin)|Antimicrobial, Antibacterial|11526003	3.8226005771917095
DRAMP00116|Bacteriocin 32 (Bac 32; Bacteriocin)|Antimicrobial, Antibacterial, Anti-Gram+|16569830	10.736987070479485
DRAMP00119|Listeriocin 743A|Antimicrobial, Antibacterial, Anti-Gram+|11526003	3.7354263889371224
DRAMP00121|Enterocin SE-K4 (Predicted)|Antimicrobial|PubMed ID is not available	4.773092583916954
DRAMP00122|Avicin A (Predicted)|Antimicrobial|19933345	2.373521369114447
DRAMP00123|Divercin V41 (Bacteriocin)|Antimicrobial|9802025	2.3527203879174268
DRAMP00124|Coagulin (Bacteriocin)|Antimicrobial|11097892	2.977146973502863
DRAMP00125|Bifidocin B (Bacteriocin)|Antimicrobial|23384878	0.816919111170388
DRAMP00126|Plantaricin E (PlnE; Bacteriocin)|Antimicrobial, Antibacterial, Anti-Gram+|8117074##18555030	4.8453595607867275
DRAMP00127|Plantaricin F (PlnF; Bacteriocin)|Antimicrobial, Antibacterial, Anti-Gram+|9603847##9603847##18555030	2.9064305247071656
DRAMP00128|Plantaricin J (PlnJ; Bacteriocin)|Antimicrobial, Antibacterial, Anti-Gram+|9603847##19538999	3.760995834505351
DRAMP00129|Plantaricin K (PlnK; Bacteriocin)|Antimicrobial, Antibacterial, Anti-Gram+|9603847##19538999	4.758987832607348
DRAMP00130|Lactococcin Q alpha (Qalpha; Bacteriocin; Predicted)|Antimicrobial, Antibacterial, Anti-Gram+|16672481	4.543548163557868
DRAMP00131|Lactococcin Q beta (Qbeta; Bacteriocin; Predicted)|Antimicrobial, Antibacterial, Anti-Gram+|16672481	3.7616617530567718
DRAMP00132|Lactococcin G subunit alpha (Galpha; Bacteriocin)|Antimicrobial, Antibacterial|1512201##18187052	3.845613080568416
DRAMP00133|Lactococcin G subunit beta (Gbeta ; Bacteriocin)|Antimicrobial, Antibacterial|1512201##18187052	3.7589730510244044
DRAMP00134|Plantaricin NC8 beta peptide (PLNC8 beta; Bacteriocin; Predicted)|Antimicrobial, Antibacterial|12514019##14973042##18819721	4.629303289807975
DRAMP00135|Plantaricin NC8 alpha peptide (PLNC8 alpha; Bacteriocin; Predicted)|Antimicrobial, Antibacterial|12514019	4.840272795550883
DRAMP00136|Enterocin E-760 (Bacteriocin)|Antimicrobial, Antibacterial, Anti-Gram+, Anti-Gram-|18086839	2.819990212272484
DRAMP00137|Plantaricin S beta (Bacteriocin; Predicted)|Antimicrobial, Antibacterial|8534111##9572965	1.7590378321073534
DRAMP00138|Acidocin J1132 alpha peptide (Bacteriocin)|Antimicrobial, Antibacterial|8975617	1.8363658114458783
DRAMP00139|Acidocin J1132 beta peptide (Bacteriocin)|Antimicrobial, Antibacterial|8975617	1.8363658114458783
DRAMP00140|Lactacin-F subunit LafA (Bacteriocin)|Antimicrobial, Antibacterial|1903624##14983040	3.8244568194488653
DRAMP00141|Lactacin-F subunit LafX (Bacteriocin)|Antimicrobial, Antibacterial|8285694##14983040	1.8245885792897099
DRAMP00142|Gassericin T (gassericin K7 B; Bacteriocin; Predicted)|Antimicrobial, Antibacterial|11129595	3.8244568194488653
DRAMP00143|Plantaricin-A (PlnA; Bacteriocin)|Antimicrobial, Antibacterial|8245827	5.753108607196298
DRAMP00144|Amylovorin-L (Lactobin-A; Amylovorin-L471; Bacteriocin)|Antimicrobial, Antibacterial|10517609##14672834##8979334	5.733286627198275
DRAMP00145|Lactocin-705 (Bacteriocin)|Antimicrobial, Antibacterial|8796440	3.929566745744315
DRAMP00146|Abp118 alpha (Salivaricin CRL1328 alpha peptide; Predicted)|Antimicrobial, Antibacterial|11932444##19591924	1.7392906330922813
DRAMP00147|Abp118 beta (Salivaricin CRL1328 beta peptide; Predicted)|Antimicrobial, Antibacterial|11932444##19591924	2.8254558204478664
DRAMP00148|Thermophilin 9 (BlpDst; Bacteriocin)|Antimicrobial, Antibacterial|18156339	-2.2567681440946634
DRAMP00150|Sln2 (chain b of Salivaricin P; Bacteriocin)|Antimicrobial, Antibacterial|17416691	1.912640008602454
DRAMP00151|Enterocin 1071A (Ent1071A; Bacteriocin)|Antimicrobial, Antibacterial|11976133	2.921228324037263
DRAMP00152|Enterocin 1071B (Ent1071B; Bacteriocin)|Antimicrobial, Antibacterial|11976133	3.757039830109352
DRAMP00153|NlmA (chain a of Mutacin IV; Bacteriocin)|Antimicrobial, Antibacterial|11133423	0.8282762823210774
DRAMP00154|NlmB (chain b of Mutacin IV; Bacteriocin)|Antimicrobial, Antibacterial|11133423	-1.0861074706168572
DRAMP00155|BrcA (chain a of Brochocin C; Bacteriocin)|Antimicrobial, Antibacterial|9835559	0.8257193401295555
DRAMP00156|BrcB (NKR-5-3A; chain b of Brochocin C; Bacteriocin)|Antimicrobial, Antibacterial|9835559	-0.2595786060678731
DRAMP00157|Plantaricin S alpha (Bacteriocin)|Antimicrobial, Antibacterial, Anti-Gram+|8534111##9572965	2.843269798547885
DRAMP00158|Lactocin 705alpha (lac705alpha; chain a of Lactocin 705; Bacteriocin)|Antimicrobial, Antibacterial|10754241	3.928567744745314
DRAMP00159|Lactocin 705beta (lac705beta; chain b of Lactocin 705; Bacteriocin)|Antimicrobial, Antibacterial|10754241	1.0196161770550605
DRAMP00160|ThmA (chain a of Thermophilin 13; Bacteriocin)|Antimicrobial, Antibacterial, Anti-Gram+|9162062	-0.15447867967242512
DRAMP00161|ThmB (chain b of Thermophilin 13; Bacteriocin)|Antimicrobial, Antibacterial, Anti-Gram+|9162062	0.8264748212468691
DRAMP00162|Thuricin CDalpha (Trn-alpha; one peptide of Thuricin CD; Bacteriocin; Predicted)|Antimicrobial, Antibacterial, Anti-Gram+|20435915##21526839	-1.266790894134517
DRAMP00163|Thuricin CDdbeta (Trn-beta; one peptide of Thuricin CD; Bacteriocin; Predicted)|Antimicrobial, Antibacterial, Anti-Gram+|20435915##21526839	-1.267789895133518
DRAMP00164|Bacteriocin uberolysin (Bacteriocin)|Antimicrobial, Antibacterial|17464077	2.7564608901158287
DRAMP00165|Gassericin A (GaaA; Bacteriocin; Predicted)|Antimicrobial, Antibacterial, Anti-Gram+|9648219##19666732	-0.15249067757442392
DRAMP00166|Butyrivibriocin AR10 (Bacteriocin; Predicted)|Antimicrobial, Antibacterial, Anti-Gram+|9023920##15162201	-2.237843404954801
DRAMP00167|Subtilosin A (Antilisterial bacteriocin subtilosin; D-amino acid; Bacteriocin; Preclinical)|Antimicrobial, Antibacterial, Anti-Gram+|3936839##15035610	-2.2655483732538286
DRAMP00168|Divergicin A (Bacteriocin; Predicted)|Antimicrobial, Antibacterial|7768812##16385127	2.773075604659065
DRAMP00169|Enterocin AS-48 (AS-48; Bacteriocin)|Antimicrobial, Antibacterial, Anti-Gram+, Anti-Gram-|2501837##14623193##11005847	5.502585526643175
DRAMP00170|Carnocyclin A (CclA; Bacteriocin)|Antimicrobial, Antibacterial, Anti-Gram+|18552180##19692336	3.7569180701685077
DRAMP00171|Lactocyclicin Q (Bacteriocin; Predicted)|Antimicrobial, Antibacterial, Anti-Gram+, Anti-Gram-|19139222##21948835	1.9336845096811626
DRAMP00172|Garvicin ML (Bacteriocin; Predicted)|Antimicrobial, Antibacterial, Anti-Gram+|21057028	4.754229368136142
DRAMP00173|Leucocyclicin Q (Bacteriocin; Predicted)|Antimicrobial, Antibacterial, Anti-Gram+|21948835	1.848900722394307
DRAMP00175|Enterocin L50A (EntL50A; Bacteriocin; Predicted)|Antimicrobial, Antibacterial, Anti-Gram+|9555877##20398277	5.583159789752342
DRAMP00176|Enterocin L50B (EntL51B; Bacteriocin; Predicted)|Antimicrobial, Antibacterial, Anti-Gram+|9555877##20398277	5.583458090816979
DRAMP00177|Enterocin B (EntB; Bacteriocin; Predicted)|Antimicrobial, Antibacterial, Anti-Gram+|10224016##9245817	3.900305582899399
DRAMP00178|Enterocin EJ97 (EntEJ97; Bacteriocin; Predicted)|Antimicrobial, Antibacterial, Anti-Gram+|12620853##20385607##9871020	5.494966600698753
DRAMP00179|Enterocin Q (EntQ; Bacteriocin; Predicted)|Antimicrobial, Antibacterial|11073927##17021217	3.4781816232977385
DRAMP00180|Lactococcin-B (LCN-B; Bacteriocin)|Antimicrobial, Antibacterial|1610182##8885398	1.5344696333340666
DRAMP00001|Variacin (Bacteriocin)|Antimicrobial, Antibacterial, Anti-Gram+|8633879	-1.092442517625343
DRAMP00002|Entianin (Bacteriocin)|Antimicrobial, Antibacterial|21239550	1.7104101226704609
DRAMP00003|Bovicin HJ50 (Bacteriocin; Predicted)|Antimicrobial, Antibacterial, Anti-Gram+|14702402##19202107	1.7555051464407327
DRAMP00004|Lantibiotic (Bacteriocin; Predicted)|Antimicrobial, Antibacterial|16088825	2.4671327531116853
DRAMP00005|Epicidin 280 (Bacteriocin; Predicted)|Antimicrobial, Antibacterial, Anti-Gram+|9726851	4.4275482460644096
DRAMP00006|Butyrivibriocin OR79 (Bacteriocin; Predicted)|Antimicrobial, Antibacterial, Anti-Gram+|10224011	-0.0934415186243438
DRAMP00008|Lacticin 3147 A1 (LtnA1; Bacteriocin; Preclinical)|Antimicrobial, Antibacterial, Anti-Gram+|10971756##15023056##10608807	-1.190394937037097
DRAMP00009|Bacteriocin lacticin 3147 A2 (LtnA2; Bacteriocin; Preclinical)|Antimicrobial, Antibacterial, Anti-Gram+|10971756##15023056##10608807	1.3664856221715955
DRAMP00010|Plantaricin W alpha (Plw-alpha; Bacteriocin; Predicted)|Antimicrobial, Antibacterial, Anti-Gram+|11238971	-0.11312173888152
DRAMP00011|Plantaricin W beta (Plw-beta; Bacteriocin; Predicted)|Antimicrobial, Antibacterial, Anti-Gram+|11238971	6.415527494026554
DRAMP00012|Lantibiotic lichenicidin VK21 A1 (LchA1; Lchalpha; Bacteriocin)|Antimicrobial, Antibacterial|19561184##19707558##20578714	0.35840609294679604
DRAMP00013|Lantibiotic lichenicidin VK21 A2 (LchA2; Lchbeta; Bacteriocin)|Antimicrobial, Antibacterial|19561184##19707558##20578714	1.3575836330715867
DRAMP00014|Geobacillin I (nisin analog; Bacteriocin)|Antimicrobial, Antibacterial, Anti-Gram+|22431611	1.6636724583630813
DRAMP00015|Geobacillin II (nisin analog; Bacteriocin)|Antimicrobial, Antibacterial, Anti-Gram+|22431611	3.4195134981225555
DRAMP00016|Salivaricin 9 (Sal9; Bacteriocin)|Antimicrobial, Antibacterial, Anti-Gram+|21310787	1.8173862911230678
DRAMP00017|Microbisporicin A1 (Bacteriocin)|Antimicrobial, Antibacterial|18215770	-0.3155165605398971
DRAMP00018|SmbA1 (Bacteriocin)|Antimicrobial, Antibacterial|15673730	1.7302021029684793
DRAMP00019|SmbA2 (Bacteriocin)|Antimicrobial, Antibacterial|15673730	1.4294344880215677
DRAMP00020|HalA1 (one chain of haloduracin; Bacteriocin)|Antimicrobial, Antibacterial|17085596	0.7104001227704595
